Tipo;Orgao;DataCriacao;Assunto;Subdivisao;Situacao;Logradouro;Bairro;Regional;DataResposta;Origem;
Solicitação;FUNDAÇÃO DE AÇÃO SOCIAL;01/01/2025;Disque Solidariedade;Doações;Aberto;Rua Rezala Simão;SANTA QUITERIA;Unidade Regional Portao;;Telefone;
Solicitação;FUNDAÇÃO DE AÇÃO SOCIAL;01/01/2025;Abordagem social de rua - Adulto e Idoso;Esmolando;Respondido;Rua Coronel Luiz José Dos Santos;BOQUEIRAO;Unidade Regional Boqueirao;01/01/2025;Telefone;
Solicitação;FUNDAÇÃO DE AÇÃO SOCIAL;01/01/2025;Abordagem social de rua - Adulto e Idoso;Esmolando;Respondido;RUA PADRE ANCHIETA;BIGORRILHO;Unidade Regional Matriz;01/01/2025;Telefone;
Solicitação;FUNDAÇÃO DE AÇÃO SOCIAL;01/01/2025;Abordagem social de rua - Adulto e Idoso;Esmolando;Concluído;RUA ENGENHEIRO BENEDITO MÁRIO DA SILVA;CAJURU;Unidade Regional Cajuru;01/01/2025;Telefone;
Solicitação;FUNDAÇÃO DE AÇÃO SOCIAL;01/01/2025;Abordagem social de rua - Adulto e Idoso;Adulto desaparecido;Respondido;Rua Vereador Elias Karam;FAZENDINHA;Unidade Regional Portao;01/01/2025;Telefone;
Solicitação;FUNDAÇÃO DE AÇÃO SOCIAL;01/01/2025;Abordagem social de rua - Adulto e Idoso;Perdida/Desorientada;Respondido;RUA PADRE ANCHIETA;BIGORRILHO;Unidade Regional Matriz;01/01/2025;Telefone;
Solicitação;FUNDAÇÃO DE AÇÃO SOCIAL;01/01/2025;Abordagem social de rua - Adulto e Idoso;Perdida/Desorientada;Respondido;RUA RAPOSO TAVARES;PILARZINHO;Unidade Regional Boa Vista;01/01/2025;Telefone;
Solicitação;FUNDAÇÃO DE AÇÃO SOCIAL;01/01/2025;Abordagem social de rua - Adulto e Idoso;Perdida/Desorientada;Respondido;Rua Antônio Andriguetto;UBERABA;Unidade Regional Cajuru;01/01/2025;Telefone;
Solicitação;FUNDAÇÃO DE AÇÃO SOCIAL;01/01/2025;Abordagem social de rua - Adulto e Idoso;Perdida/Desorientada;Aberto;Avenida Presidente Affonso Camargo;JARDIM BOTANICO;Unidade Regional Matriz;;Telefone;
Solicitação;FUNDAÇÃO DE AÇÃO SOCIAL;01/01/2025;Abordagem social de rua - Adulto e Idoso;Perdida/Desorientada;Respondido;Avenida João Gualberto;JUVEVE;Unidade Regional Matriz;01/01/2025;Chat;
Solicitação;FUNDAÇÃO DE AÇÃO SOCIAL;01/01/2025;Abordagem social de rua - Adulto e Idoso;Perdida/Desorientada;Em andamento;AVENIDA PRESIDENTE AFFONSO CAMARGO;JARDIM BOTANICO;Unidade Regional Matriz;;Telefone;
Solicitação;FUNDAÇÃO DE AÇÃO SOCIAL;01/01/2025;Abordagem social de rua - Adulto e Idoso;Perdida/Desorientada;Em andamento;Avenida Presidente Affonso Camargo;JARDIM BOTANICO;Unidade Regional Matriz;;Telefone;
Solicitação;FUNDAÇÃO DE AÇÃO SOCIAL;01/01/2025;Abordagem social de rua - Adulto e Idoso;Perdida/Desorientada;Em andamento;Avenida Presidente Affonso Camargo;JARDIM BOTANICO;Unidade Regional Matriz;;Telefone;
Solicitação;FUNDAÇÃO DE AÇÃO SOCIAL;01/01/2025;Abordagem social de rua - Adulto e Idoso;Perdida/Desorientada;Em andamento;AVENIDA PRESIDENTE AFFONSO CAMARGO;JARDIM BOTANICO;Unidade Regional Matriz;;Telefone;
Solicitação;FUNDAÇÃO DE AÇÃO SOCIAL;01/01/2025;Abordagem social de rua - Adulto e Idoso;Perdida/Desorientada;Aberto;RUA ANTÔNIO ANDRIGUETTO;UBERABA;Unidade Regional Cajuru;;Telefone;
Solicitação;FUNDAÇÃO DE AÇÃO SOCIAL;01/01/2025;Abordagem social de rua - Adulto e Idoso;Perdida/Desorientada;Aberto;RUA WALDEMAR LOUREIRO CAMPOS;XAXIM;Unidade Regional Boqueirao;;Telefone;
Solicitação;FUNDAÇÃO DE AÇÃO SOCIAL;01/01/2025;Abordagem social de rua - Adulto e Idoso;Pessoas/famílias em desabrigo na rua;Concluído;AVENIDA PRESIDENTE AFFONSO CAMARGO;JARDIM BOTANICO;Unidade Regional Matriz;01/01/2025;Telefone;
Solicitação;FUNDAÇÃO DE AÇÃO SOCIAL;01/01/2025;Abordagem social de rua - Adulto e Idoso;Pessoas/famílias em desabrigo na rua;Respondido;Rua Mercúrio;SITIO CERCADO;Unidade Regional Bairro Novo;01/01/2025;Mobile;
Solicitação;FUNDAÇÃO DE AÇÃO SOCIAL;01/01/2025;Abordagem social de rua - Adulto e Idoso;Pessoas/famílias em desabrigo na rua;Aberto;RUA PEDRO IVO;CENTRO;Unidade Regional Matriz;;Telefone;
Solicitação;FUNDAÇÃO DE AÇÃO SOCIAL;01/01/2025;Abordagem social de rua - Adulto e Idoso;Pessoas/famílias em desabrigo na rua;Respondido;Avenida Marechal Floriano Peixoto;REBOUCAS;Unidade Regional Matriz;01/01/2025;Telefone;
Solicitação;FUNDAÇÃO DE AÇÃO SOCIAL;01/01/2025;Abordagem social de rua - Adulto e Idoso;Pessoas/famílias em desabrigo na rua;Respondido;AVENIDA MARECHAL FLORIANO PEIXOTO;HAUER;Unidade Regional Boqueirao;01/01/2025;Telefone;
Solicitação;FUNDAÇÃO DE AÇÃO SOCIAL;01/01/2025;Abordagem social de rua - Adulto e Idoso;Pessoas/famílias em desabrigo na rua;Respondido;Henry Ford;LINDOIA;Unidade Regional Pinheirinho;01/01/2025;Telefone;
Elogio;FUNDAÇÃO DE AÇÃO SOCIAL;01/01/2025;Abordagem social de rua - Adulto e Idoso;Pessoas/famílias em desabrigo na rua;Aberto;RUA RIO PELOTAS;BAIRRO ALTO;Unidade Regional Boa Vista;;Telefone;
Solicitação;FUNDAÇÃO DE AÇÃO SOCIAL;01/01/2025;Abordagem social de rua - Adulto e Idoso;Pessoas/famílias em desabrigo na rua;Aberto;ALAMEDA AUGUSTO STELLFELD;BIGORRILHO;Unidade Regional Matriz;;Telefone;
Solicitação;FUNDAÇÃO DE AÇÃO SOCIAL;01/01/2025;Abordagem social de rua - Adulto e Idoso;Pessoas/famílias em desabrigo na rua;Em andamento;Avenida Presidente Affonso Camargo;JARDIM BOTANICO;Unidade Regional Matriz;;Telefone;
Solicitação;FUNDAÇÃO DE AÇÃO SOCIAL;01/01/2025;Abordagem social de rua - Adulto e Idoso;Pessoas/famílias em desabrigo na rua;Em andamento;Avenida Presidente Affonso Camargo;CENTRO;Unidade Regional Matriz;;Mobile;
Solicitação;FUNDAÇÃO DE AÇÃO SOCIAL;01/01/2025;Abordagem social de rua - Adulto e Idoso;Pessoas/famílias em desabrigo na rua;Aberto;RUA PIQUIRI;REBOUCAS;Unidade Regional Matriz;;Telefone;
Solicitação;FUNDAÇÃO DE AÇÃO SOCIAL;01/01/2025;Abordagem social de rua - Adulto e Idoso;Pessoas/famílias em desabrigo na rua;Aberto;Brigadeiro Franco;MERCES;Unidade Regional Matriz;;Telefone;
Solicitação;FUNDAÇÃO DE AÇÃO SOCIAL;01/01/2025;Abordagem social de rua - Adulto e Idoso;Pessoas/famílias em desabrigo na rua;Aberto;RUA CARLOS KLEMTZ;FAZENDINHA;Unidade Regional Portao;;Telefone;
Solicitação;FUNDAÇÃO DE AÇÃO SOCIAL;01/01/2025;Abordagem social de rua - Adulto e Idoso;Pessoas/famílias em desabrigo na rua;Aberto;RUA PADRE ANCHIETA;BIGORRILHO;Unidade Regional Matriz;;Telefone;
Solicitação;FUNDAÇÃO DE AÇÃO SOCIAL;01/01/2025;Abordagem social de rua - Adulto e Idoso;Pessoas/famílias em desabrigo na rua;Em andamento;Rua Alberico Flores Bueno;BAIRRO ALTO;Unidade Regional Boa Vista;;Mobile;
Solicitação;FUNDAÇÃO DE AÇÃO SOCIAL;01/01/2025;Abordagem social de rua - Adulto e Idoso;Pessoas/famílias em desabrigo na rua;Aberto;AVENIDA PRESIDENTE AFFONSO CAMARGO;JARDIM BOTANICO;Unidade Regional Matriz;;Telefone;
Solicitação;FUNDAÇÃO DE AÇÃO SOCIAL;01/01/2025;Abordagem social de rua - Adulto e Idoso;Pessoas/famílias em desabrigo na rua;Aberto;AVENIDA REPÚBLICA ARGENTINA;NOVO MUNDO;Unidade Regional Pinheirinho;;Telefone;
Solicitação;FUNDAÇÃO DE AÇÃO SOCIAL;01/01/2025;Abordagem social de rua - Adulto e Idoso;Pessoas/famílias em desabrigo na rua;Respondido;Rua Simão Bolivar;JUVEVE;Unidade Regional Matriz;01/01/2025;Telefone;
Solicitação;FUNDAÇÃO DE AÇÃO SOCIAL;01/01/2025;Abordagem social de rua - Adulto e Idoso;Pessoas/famílias em desabrigo na rua;Em andamento;Presidente Affonso Camargo;JARDIM BOTANICO;Unidade Regional Matriz;;Telefone;
Solicitação;FUNDAÇÃO DE AÇÃO SOCIAL;01/01/2025;Abordagem social de rua - Adulto e Idoso;Pessoas/famílias em desabrigo na rua;Em andamento;RUA ODAIR PAZELLO;CAPAO RASO;Unidade Regional Pinheirinho;;Telefone;
Solicitação;FUNDAÇÃO DE AÇÃO SOCIAL;01/01/2025;Abordagem social de rua - Adulto e Idoso;Pessoas/famílias em desabrigo na rua;Em andamento;RUA LEON NICOLAS;CAPAO RASO;Unidade Regional Pinheirinho;;Telefone;
Solicitação;FUNDAÇÃO DE AÇÃO SOCIAL;01/01/2025;Abordagem social de rua - Adulto e Idoso;Pessoas/famílias em desabrigo na rua;Em andamento;RUA DESEMBARGADOR WESTPHALEN;REBOUCAS;Unidade Regional Matriz;;Telefone;
Solicitação;FUNDAÇÃO DE AÇÃO SOCIAL;01/01/2025;Abordagem social de rua - Adulto e Idoso;Pessoas/famílias em desabrigo na rua;Em andamento;AVENIDA MANOEL RIBAS;SAO FRANCISCO;Unidade Regional Matriz;;Telefone;
Solicitação;FUNDAÇÃO DE AÇÃO SOCIAL;01/01/2025;Abordagem social de rua - Adulto e Idoso;Pessoas/famílias em desabrigo na rua;Em andamento;RUA JOÃO NEGRÃO;CENTRO;Unidade Regional Matriz;;Telefone;
Solicitação;FUNDAÇÃO DE AÇÃO SOCIAL;01/01/2025;Abordagem social de rua - Adulto e Idoso;Pessoas/famílias em desabrigo na rua;Em andamento;RUA ALFERES POLI;REBOUCAS;Unidade Regional Matriz;;Telefone;
Solicitação;FUNDAÇÃO DE AÇÃO SOCIAL;01/01/2025;Abordagem social de rua - Adulto e Idoso;Pessoas/famílias em desabrigo na rua;Em andamento;AVENIDA MARECHAL FLORIANO PEIXOTO;HAUER;Unidade Regional Boqueirao;;Telefone;
Solicitação;FUNDAÇÃO DE AÇÃO SOCIAL;01/01/2025;Abordagem social de rua - Adulto e Idoso;Pessoas/famílias em desabrigo na rua;Respondido;Avenida Presidente Affonso Camargo;JARDIM BOTANICO;Unidade Regional Matriz;01/01/2025;Mobile;
Solicitação;FUNDAÇÃO DE AÇÃO SOCIAL;01/01/2025;Abordagem social de rua - Adulto e Idoso;Pessoas/famílias em desabrigo na rua;Respondido;RUA DESEMBARGADOR MOTTA;CENTRO;Unidade Regional Matriz;01/01/2025;Telefone;
Solicitação;FUNDAÇÃO DE AÇÃO SOCIAL;01/01/2025;Abordagem social de rua - Adulto e Idoso;Pessoas/famílias em desabrigo na rua;Concluído;AVENIDA PARANÁ;BACACHERI;Unidade Regional Boa Vista;01/01/2025;Telefone;
Solicitação;FUNDAÇÃO DE AÇÃO SOCIAL;01/01/2025;Abordagem social de rua - Adulto e Idoso;Pessoas/famílias em desabrigo na rua;Concluído;TERMINAL BOQUEIRÃO;BOQUEIRAO;Unidade Regional Boqueirao;01/01/2025;Telefone;
Solicitação;FUNDAÇÃO DE AÇÃO SOCIAL;01/01/2025;Abordagem social de rua - Adulto e Idoso;Pessoas/famílias em desabrigo na rua;Em andamento;AVENIDA PARANÁ;BACACHERI;Unidade Regional Boa Vista;;Telefone;
Solicitação;FUNDAÇÃO DE AÇÃO SOCIAL;01/01/2025;Abordagem social de rua - Adulto e Idoso;Pessoas/famílias em desabrigo na rua;Em andamento;Avenida Presidente Affonso Camargo;JARDIM BOTANICO;Unidade Regional Matriz;;Telefone;
Solicitação;FUNDAÇÃO DE AÇÃO SOCIAL;01/01/2025;Abordagem social de rua - Adulto e Idoso;Pessoas/famílias em desabrigo na rua;Aberto;AVENIDA PRESIDENTE AFFONSO CAMARGO;JARDIM BOTANICO;Unidade Regional Matriz;;Telefone;
Solicitação;FUNDAÇÃO DE AÇÃO SOCIAL;01/01/2025;Abordagem social de rua - Adulto e Idoso;Pessoas/famílias em desabrigo na rua;Aberto;Rua Engenheiros Rebouças;JARDIM BOTANICO;Unidade Regional Matriz;;Telefone;
Solicitação;FUNDAÇÃO DE AÇÃO SOCIAL;01/01/2025;Abordagem social de rua - Adulto e Idoso;Pessoas/famílias em desabrigo na rua;Aberto;RUA ISAAC GUELMANN;NOVO MUNDO;Unidade Regional Pinheirinho;;Telefone;
Solicitação;FUNDAÇÃO DE AÇÃO SOCIAL;01/01/2025;Abordagem social de rua - Adulto e Idoso;Pessoas/famílias em desabrigo na rua;Respondido;RUA PADRE ANCHIETA;BIGORRILHO;Unidade Regional Matriz;01/01/2025;Telefone;
Solicitação;FUNDAÇÃO DE AÇÃO SOCIAL;01/01/2025;Abordagem social de rua - Adulto e Idoso;Pessoas/famílias em desabrigo na rua;Respondido;RUA PADRE ANCHIETA;BIGORRILHO;Unidade Regional Matriz;01/01/2025;Telefone;
Solicitação;FUNDAÇÃO DE AÇÃO SOCIAL;01/01/2025;Abordagem social de rua - Adulto e Idoso;Pessoas/famílias em desabrigo na rua;Concluído;Avenida Winston Churchill;CAPAO RASO;Unidade Regional Pinheirinho;01/01/2025;Mobile;
Solicitação;FUNDAÇÃO DE AÇÃO SOCIAL;01/01/2025;Abordagem social de rua - Adulto e Idoso;Pessoas/famílias em desabrigo na rua;Em andamento;RUA ENGENHEIRO BENEDITO MÁRIO DA SILVA;CAJURU;Unidade Regional Cajuru;;Telefone;
Solicitação;FUNDAÇÃO DE AÇÃO SOCIAL;01/01/2025;Abordagem social de rua - Adulto e Idoso;Pessoas/famílias em desabrigo na rua;Respondido;RUA EUGÊNIO FLOR;ABRANCHES;Unidade Regional Boa Vista;01/01/2025;Telefone;
Solicitação;FUNDAÇÃO DE AÇÃO SOCIAL;01/01/2025;Abordagem social de rua - Adulto e Idoso;Pessoas/famílias em desabrigo na rua;Aberto;AVENIDA PRESIDENTE AFFONSO CAMARGO;JARDIM BOTANICO;Unidade Regional Matriz;;Telefone;
Solicitação;FUNDAÇÃO DE AÇÃO SOCIAL;01/01/2025;Abordagem social de rua - Adulto e Idoso;Pessoas/famílias em desabrigo na rua;Aberto;PRAÇA RUI BARBOSA;CENTRO;Unidade Regional Matriz;;Telefone;
Solicitação;FUNDAÇÃO DE AÇÃO SOCIAL;01/01/2025;Abordagem social de rua - Adulto e Idoso;Pessoas/famílias em desabrigo na rua;Aberto;Rua Emiliano Perneta;CENTRO;Unidade Regional Matriz;;Telefone;
Solicitação;FUNDAÇÃO DE AÇÃO SOCIAL;01/01/2025;Abordagem social de rua - Adulto e Idoso;Pessoas/famílias em desabrigo na rua;Em andamento;AVENIDA PARANÁ;CABRAL;Unidade Regional Matriz;;Telefone;
Solicitação;FUNDAÇÃO DE AÇÃO SOCIAL;01/01/2025;Abordagem social de rua - Adulto e Idoso;Pessoas/famílias em desabrigo na rua;Aberto;RUA BARÃO DO SERRO AZUL;CENTRO;Unidade Regional Matriz;;Telefone;
Solicitação;FUNDAÇÃO DE AÇÃO SOCIAL;01/01/2025;Abordagem social de rua - Adulto e Idoso;Pessoas/famílias em desabrigo na rua;Aberto;RUA FRANCISCO TORRES;CENTRO;Unidade Regional Matriz;;Telefone;
Solicitação;FUNDAÇÃO DE AÇÃO SOCIAL;01/01/2025;Abordagem social de rua - Adulto e Idoso;Pessoas/famílias em desabrigo na rua;Aberto;AVENIDA PRESIDENTE AFFONSO CAMARGO;JARDIM BOTANICO;Unidade Regional Matriz;;Telefone;
Solicitação;FUNDAÇÃO DE AÇÃO SOCIAL;01/01/2025;Abordagem social de rua - Adulto e Idoso;Pessoas/famílias em desabrigo na rua;Aberto;AVENIDA PRESIDENTE AFFONSO CAMARGO;JARDIM BOTANICO;Unidade Regional Matriz;;Telefone;
Solicitação;FUNDAÇÃO DE AÇÃO SOCIAL;01/01/2025;Abordagem social de rua - Adulto e Idoso;Pessoas/famílias em desabrigo na rua;Aberto;AVENIDA PRESIDENTE AFFONSO CAMARGO;JARDIM BOTANICO;Unidade Regional Matriz;;Telefone;
Solicitação;FUNDAÇÃO DE AÇÃO SOCIAL;01/01/2025;Abordagem social de rua - Adulto e Idoso;Pessoas/famílias em desabrigo na rua;Aberto;AVENIDA MARECHAL FLORIANO PEIXOTO;BOQUEIRAO;Unidade Regional Boqueirao;;Telefone;
Solicitação;FUNDAÇÃO DE AÇÃO SOCIAL;01/01/2025;Abordagem social de rua - Adulto e Idoso;Pessoas/famílias em desabrigo na rua;Aberto;AVENIDA VICENTE MACHADO;CENTRO;Unidade Regional Matriz;;Telefone;
Solicitação;FUNDAÇÃO DE AÇÃO SOCIAL;01/01/2025;Abordagem social de rua - Adulto e Idoso;Pessoas/famílias em desabrigo na rua;Respondido;RUA ASSIS FIGUEIREDO;GUAIRA;Unidade Regional Portao;01/01/2025;Mobile;
Solicitação;FUNDAÇÃO DE AÇÃO SOCIAL;01/01/2025;Abordagem social de rua - Adulto e Idoso;Pessoas/famílias em desabrigo na rua;Aberto;AVENIDA PRESIDENTE AFFONSO CAMARGO;JARDIM BOTANICO;Unidade Regional Matriz;;Telefone;
Solicitação;FUNDAÇÃO DE AÇÃO SOCIAL;01/01/2025;Abordagem social de rua - Adulto e Idoso;Pessoas/famílias em desabrigo na rua;Respondido;Rua Fioravante Dalla Stella;CRISTO REI;Unidade Regional Matriz;01/01/2025;Mobile;
Solicitação;FUNDAÇÃO DE AÇÃO SOCIAL;01/01/2025;Abordagem social de rua - Adulto e Idoso;Pessoas/famílias em desabrigo na rua;Respondido;Rua Fernandes de Barros;CRISTO REI;Unidade Regional Matriz;01/01/2025;Mobile;
Solicitação;FUNDAÇÃO DE AÇÃO SOCIAL;01/01/2025;Abordagem social de rua - Adulto e Idoso;Pessoas/famílias em desabrigo na rua;Aberto;AVENIDA PRESIDENTE AFFONSO CAMARGO;JARDIM BOTANICO;Unidade Regional Matriz;;Telefone;
Solicitação;FUNDAÇÃO DE AÇÃO SOCIAL;01/01/2025;Abordagem social de rua - Adulto e Idoso;Dormindo/Caídas na rua;Respondido;Avenida Presidente Affonso Camargo;JARDIM BOTANICO;Unidade Regional Matriz;01/01/2025;Mobile;
Solicitação;FUNDAÇÃO DE AÇÃO SOCIAL;01/01/2025;Abordagem social de rua - Adulto e Idoso;Dormindo/Caídas na rua;Respondido;Avenida Presidente Affonso Camargo;JARDIM BOTANICO;Unidade Regional Matriz;01/01/2025;Mobile;
Solicitação;FUNDAÇÃO DE AÇÃO SOCIAL;01/01/2025;Abordagem social de rua - Adulto e Idoso;Dormindo/Caídas na rua;Respondido;RUA HARVEY DE BARROS SILVA;PILARZINHO;Unidade Regional Boa Vista;01/01/2025;Telefone;
Solicitação;FUNDAÇÃO DE AÇÃO SOCIAL;01/01/2025;Abordagem social de rua - Adulto e Idoso;Dormindo/Caídas na rua;Respondido;Rua João Bettega;PORTAO;Unidade Regional Portao;01/01/2025;Mobile;
Solicitação;FUNDAÇÃO DE AÇÃO SOCIAL;01/01/2025;Abordagem social de rua - Adulto e Idoso;Dormindo/Caídas na rua;Concluído;Rua Presidente Carlos Cavalcanti;CENTRO;Unidade Regional Matriz;01/01/2025;Mobile;
Solicitação;FUNDAÇÃO DE AÇÃO SOCIAL;01/01/2025;Abordagem social de rua - Adulto e Idoso;Dormindo/Caídas na rua;Respondido;RUA MARECHAL DEODORO;CENTRO;Unidade Regional Matriz;01/01/2025;Telefone;
Solicitação;FUNDAÇÃO DE AÇÃO SOCIAL;01/01/2025;Abordagem social de rua - Adulto e Idoso;Dormindo/Caídas na rua;Respondido;RUA JOÃO REBOLI;BOA VISTA;Unidade Regional Boa Vista;01/01/2025;Telefone;
Solicitação;FUNDAÇÃO DE AÇÃO SOCIAL;01/01/2025;Abordagem social de rua - Adulto e Idoso;Dormindo/Caídas na rua;Respondido;RUA LAMENHA LINS;CENTRO;Unidade Regional Matriz;01/01/2025;Telefone;
Solicitação;FUNDAÇÃO DE AÇÃO SOCIAL;01/01/2025;Abordagem social de rua - Adulto e Idoso;Dormindo/Caídas na rua;Respondido;RUA ENGENHEIROS REBOUÇAS;JARDIM BOTANICO;Unidade Regional Matriz;01/01/2025;Telefone;
Solicitação;FUNDAÇÃO DE AÇÃO SOCIAL;01/01/2025;Abordagem social de rua - Adulto e Idoso;Dormindo/Caídas na rua;Respondido;RUA DOUTOR MANOEL LINHARES DE LACERDA;CAPAO RASO;Unidade Regional Pinheirinho;01/01/2025;Telefone;
Solicitação;FUNDAÇÃO DE AÇÃO SOCIAL;01/01/2025;Abordagem social de rua - Adulto e Idoso;Dormindo/Caídas na rua;Respondido;Rua Prefeito Ângelo Lopes;CRISTO REI;Unidade Regional Matriz;01/01/2025;Mobile;
Solicitação;FUNDAÇÃO DE AÇÃO SOCIAL;01/01/2025;Abordagem social de rua - Adulto e Idoso;Dormindo/Caídas na rua;Em andamento;Rua Presidente Carlos Cavalcanti;CENTRO;Unidade Regional Matriz;;Mobile;
Solicitação;FUNDAÇÃO DE AÇÃO SOCIAL;01/01/2025;Violência contra criança e adolescente;Desacompanhada dos pais/responsáveis;Respondido;RUA CLAUDIO ALVES DE LIMA;SITIO CERCADO;Unidade Regional Bairro Novo;01/01/2025;Mobile;
Denúncia;FUNDAÇÃO DE AÇÃO SOCIAL;01/01/2025;Violência contra criança e adolescente;Maus tratos psicológicos;Concluído;RUA EUGÊNIO FLOR;TABOAO;Unidade Regional Boa Vista;01/01/2025;Telefone;
Denúncia;FUNDAÇÃO DE AÇÃO SOCIAL;01/01/2025;Violência contra criança e adolescente;Pais/responsáveis fazendo uso de drogas;Concluído;RUA COMENDADOR MACEDO;CENTRO;Unidade Regional Matriz;01/01/2025;Telefone;
Solicitação;FUNDAÇÃO DE AÇÃO SOCIAL;01/01/2025;Violência contra criança e adolescente;Aliciação por adultos para venda de drogas;Respondido;Trajano Reis;SAO FRANCISCO;Unidade Regional Matriz;01/01/2025;Mobile;
Solicitação;FUNDAÇÃO DE AÇÃO SOCIAL;01/01/2025;Violência contra criança e adolescente;Abandono;Respondido;RUA BARÃO DO SERRO AZUL;CENTRO;Unidade Regional Matriz;01/01/2025;Telefone;
Solicitação;SECRETARIA MUNICIPAL DE PLANEJAMENTO, FINANÇAS E ORÇAMENTO;01/01/2025;IPTU;Informação;Aberto;Ewaldo Hauer;SANTA CANDIDA;Unidade Regional Boa Vista;;Portal;
Solicitação;SECRETARIA MUNICIPAL DO MEIO AMBIENTE;01/01/2025;Coleta;Entulhos em grande quantidade - via pública;Aberto;RUA BENTO VIANA;AGUA VERDE;Unidade Regional Portao;;Telefone;
Solicitação;SECRETARIA MUNICIPAL DO MEIO AMBIENTE;01/01/2025;Coleta;Resíduos vegetais de jardim;Aberto;RUA MAJOR FRANCA GOMES;SANTA QUITERIA;Unidade Regional Portao;;Mobile;
Solicitação;SECRETARIA MUNICIPAL DO MEIO AMBIENTE;01/01/2025;Coleta;Resíduos vegetais de jardim;Aberto;Rua Doutor Francisco Natel de Camargo;SANTA CANDIDA;Unidade Regional Boa Vista;;Telefone;
Solicitação;SECRETARIA MUNICIPAL DO MEIO AMBIENTE;01/01/2025;Coleta;Resíduos vegetais de jardim;Aberto;RUA Santo Garbuio;XAXIM;Unidade Regional Boqueirao;;Telefone;
Solicitação;SECRETARIA MUNICIPAL DO MEIO AMBIENTE;01/01/2025;Coleta;Resíduos vegetais de jardim;Aberto;Rua Tullio Sá Pereira de Souza;BACACHERI;Unidade Regional Boa Vista;;Telefone;
Solicitação;SECRETARIA MUNICIPAL DO MEIO AMBIENTE;01/01/2025;Coleta;Resíduos vegetais de jardim;Aberto;RUA OTTO URBAN;TATUQUARA;Unidade Regional Tatuquara;;Telefone;
Solicitação;SECRETARIA MUNICIPAL DO MEIO AMBIENTE;01/01/2025;Coleta;Resíduos vegetais de jardim;Aberto;RUA FRANCISCO KRAINSKI;SAO LOURENCO;Unidade Regional Boa Vista;;Mobile;
Solicitação;SECRETARIA MUNICIPAL DO MEIO AMBIENTE;01/01/2025;Coleta;Resíduos vegetais de jardim;Aberto;RUA VISCONDE DO SERRO FRIO;NOVO MUNDO;Unidade Regional Pinheirinho;;Telefone;
Solicitação;SECRETARIA MUNICIPAL DO MEIO AMBIENTE;01/01/2025;Coleta;Resíduos vegetais de jardim;Aberto;Francisco Pilatti;PILARZINHO;Unidade Regional Boa Vista;;Portal;
Solicitação;SECRETARIA MUNICIPAL DO MEIO AMBIENTE;01/01/2025;Coleta;Resíduos vegetais de jardim;Aberto;Rua Carlos Essenfelder;BOQUEIRAO;Unidade Regional Boqueirao;;Mobile;
Solicitação;SECRETARIA MUNICIPAL DO MEIO AMBIENTE;01/01/2025;Coleta;Resíduos vegetais de jardim;Aberto;Rua Jornalista Geraldo Russe;PILARZINHO;Unidade Regional Boa Vista;;Mobile;
Solicitação;SECRETARIA MUNICIPAL DO MEIO AMBIENTE;01/01/2025;Coleta;Resíduos vegetais de jardim;Aberto;Rua Francisco Santi;MOSSUNGUE;Unidade Regional Santa Felicidade;;Mobile;
Solicitação;SECRETARIA MUNICIPAL DO MEIO AMBIENTE;01/01/2025;Coleta;Resíduos vegetais de jardim;Aberto;RUA JORGE BORSATTO;PORTAO;Unidade Regional Portao;;Mobile;
Solicitação;SECRETARIA MUNICIPAL DO MEIO AMBIENTE;01/01/2025;Coleta;Resíduos vegetais de jardim;Aberto;Nabal Guimarães Barreto;ORLEANS;Unidade Regional Santa Felicidade;;Portal;
Solicitação;SECRETARIA MUNICIPAL DO MEIO AMBIENTE;01/01/2025;Coleta;Resíduos vegetais de jardim;Aberto;Alberto Heyn;UBERABA;Unidade Regional Cajuru;;Portal;
Solicitação;SECRETARIA MUNICIPAL DO MEIO AMBIENTE;01/01/2025;Coleta;Resíduos vegetais de jardim;Aberto;RUA ARY BARROSO;BOA VISTA;Unidade Regional Boa Vista;;Mobile;
Solicitação;SECRETARIA MUNICIPAL DO MEIO AMBIENTE;01/01/2025;Coleta;Resíduos vegetais de jardim;Aberto;RUA São Bento;HAUER;Unidade Regional Boqueirao;;Mobile;
Solicitação;SECRETARIA MUNICIPAL DO MEIO AMBIENTE;01/01/2025;Coleta;Resíduos vegetais de jardim;Aberto;Leão Sallum;BOA VISTA;Unidade Regional Boa Vista;;Portal;
Solicitação;SECRETARIA MUNICIPAL DO MEIO AMBIENTE;01/01/2025;Coleta;Resíduos vegetais de jardim;Aberto;Presidente Affonso Camargo;JARDIM BOTANICO;Unidade Regional Matriz;;Portal;
Solicitação;SECRETARIA MUNICIPAL DO MEIO AMBIENTE;01/01/2025;Coleta;Resíduos vegetais de jardim;Aberto;Deputado José Hoffman;VISTA ALEGRE;Unidade Regional Santa Felicidade;;Mobile;
Solicitação;SECRETARIA MUNICIPAL DO MEIO AMBIENTE;01/01/2025;Coleta;Resíduos vegetais de jardim;Aberto;Rua Antônio Rebelatto;XAXIM;Unidade Regional Boqueirao;;Mobile;
Solicitação;SECRETARIA MUNICIPAL DO MEIO AMBIENTE;01/01/2025;Coleta;Resíduos vegetais de jardim;Aberto;Rua Papa Adriano IV;SANTA FELICIDADE;Unidade Regional Santa Felicidade;;Mobile;
Solicitação;SECRETARIA MUNICIPAL DO MEIO AMBIENTE;01/01/2025;Coleta;Resíduos vegetais de jardim;Aberto;dos Canários;NOVO MUNDO;Unidade Regional Pinheirinho;;Portal;
Solicitação;SECRETARIA MUNICIPAL DO MEIO AMBIENTE;01/01/2025;Coleta;Resíduos vegetais de jardim;Aberto;RUA Dalila Rolim Vargas;NOVO MUNDO;Unidade Regional Pinheirinho;;Telefone;
Solicitação;SECRETARIA MUNICIPAL DO MEIO AMBIENTE;01/01/2025;Coleta;Resíduos vegetais de jardim;Aberto;Ceará;PAROLIN;Unidade Regional Portao;;Portal;
Solicitação;SECRETARIA MUNICIPAL DO MEIO AMBIENTE;01/01/2025;Coleta;Resíduos vegetais de jardim;Aberto;Rua Nilo José Casarin;CIDADE INDUSTRIAL;Unidade Regional CIC;;Mobile;
Solicitação;SECRETARIA MUNICIPAL DO MEIO AMBIENTE;01/01/2025;Coleta;Resíduos vegetais de jardim;Aberto;Professor José Moscalewski;PILARZINHO;Unidade Regional Boa Vista;;Portal;
Solicitação;SECRETARIA MUNICIPAL DO MEIO AMBIENTE;01/01/2025;Coleta;Resíduos vegetais de jardim;Aberto;RUA MINISTRO GABRIEL PASSOS;GUABIROTUBA;Unidade Regional Cajuru;;Telefone;
Solicitação;SECRETARIA MUNICIPAL DO MEIO AMBIENTE;01/01/2025;Coleta;Resíduos vegetais de jardim;Aberto;RUA ARIOSVALDO MOREIRA;CAJURU;Unidade Regional Cajuru;;Mobile;
Solicitação;SECRETARIA MUNICIPAL DO MEIO AMBIENTE;01/01/2025;Coleta;Resíduos vegetais de jardim;Aberto;Rua Brigadeiro Arthur Carlos Peralta;BOA VISTA;Unidade Regional Boa Vista;;Mobile;
Solicitação;SECRETARIA MUNICIPAL DO MEIO AMBIENTE;01/01/2025;Coleta;Resíduos vegetais de jardim;Aberto;Rua Professor Gaspar Luiz de Lacerda Pinto;TATUQUARA;Unidade Regional Tatuquara;;Mobile;
Solicitação;SECRETARIA MUNICIPAL DO MEIO AMBIENTE;01/01/2025;Coleta;Resíduos vegetais de jardim;Aberto;Rua Rio Araguari;BAIRRO ALTO;Unidade Regional Boa Vista;;Mobile;
Solicitação;SECRETARIA MUNICIPAL DO MEIO AMBIENTE;01/01/2025;Coleta;Resíduos vegetais de jardim;Aberto;RUA OTAVIO PEREIRA DOS ANJOS;JARDIM DAS AMERICAS;Unidade Regional Cajuru;;Mobile;
Solicitação;SECRETARIA MUNICIPAL DO MEIO AMBIENTE;01/01/2025;Coleta;Resíduos vegetais de jardim;Aberto;Rua Irmã Angélica Mazzarotto;SANTA FELICIDADE;Unidade Regional Santa Felicidade;;Mobile;
Solicitação;SECRETARIA MUNICIPAL DO MEIO AMBIENTE;01/01/2025;Coleta;Resíduos vegetais de jardim;Aberto;Rua General Polli Coelho;TARUMA;Unidade Regional Cajuru;;Mobile;
Solicitação;SECRETARIA MUNICIPAL DO MEIO AMBIENTE;01/01/2025;Coleta;Resíduos vegetais de jardim;Aberto;RUA PROFESSOR DOUTOR PEDRO RIBEIRO MACEDO DA COSTA;VILA IZABEL;Unidade Regional Portao;;Telefone;
Solicitação;SECRETARIA MUNICIPAL DO MEIO AMBIENTE;01/01/2025;Coleta;Resíduos vegetais de jardim;Aberto;RUA VITAL BRASIL;PORTAO;Unidade Regional Portao;;Telefone;
Solicitação;SECRETARIA MUNICIPAL DO MEIO AMBIENTE;01/01/2025;Coleta;Resíduos vegetais de jardim;Aberto;Rua Professor Júlio Theodorico Guimarães;PINHEIRINHO;Unidade Regional Pinheirinho;;Mobile;
Solicitação;SECRETARIA MUNICIPAL DO MEIO AMBIENTE;01/01/2025;Coleta;Resíduos vegetais de jardim;Aberto;Rua Menino Jesus;XAXIM;Unidade Regional Boqueirao;;Mobile;
Solicitação;SECRETARIA MUNICIPAL DO MEIO AMBIENTE;01/01/2025;Coleta;Resíduos vegetais de jardim;Aberto;RUA CRISTIANO STROBEL;BOQUEIRAO;Unidade Regional Boqueirao;;Mobile;
Solicitação;SECRETARIA MUNICIPAL DO MEIO AMBIENTE;01/01/2025;Coleta;Resíduos vegetais de jardim;Aberto;Rua Igor Stravinski;FAZENDINHA;Unidade Regional Portao;;Mobile;
Solicitação;SECRETARIA MUNICIPAL DO MEIO AMBIENTE;01/01/2025;Coleta;Resíduos vegetais de jardim;Aberto;Reinaldo Koop;BOQUEIRAO;Unidade Regional Boqueirao;;Portal;
Solicitação;SECRETARIA MUNICIPAL DO MEIO AMBIENTE;01/01/2025;Coleta;Resíduos vegetais de jardim;Aberto;AVENIDA CANDIDO HARTMANN;SANTA FELICIDADE;Unidade Regional Santa Felicidade;;Mobile;
Solicitação;SECRETARIA MUNICIPAL DO MEIO AMBIENTE;01/01/2025;Coleta;Resíduos vegetais de jardim;Aberto;Rua Silvestre Kalenetz;TARUMA;Unidade Regional Cajuru;;Mobile;
Solicitação;SECRETARIA MUNICIPAL DO MEIO AMBIENTE;01/01/2025;Coleta;Resíduos vegetais de jardim;Aberto;RUA ROBERTO CICHON;CAPAO DA IMBUIA;Unidade Regional Cajuru;;Mobile;
Solicitação;SECRETARIA MUNICIPAL DO MEIO AMBIENTE;01/01/2025;Coleta;Resíduos vegetais de jardim;Aberto;RUA SOLIDARIEDADE;CAJURU;Unidade Regional Cajuru;;Telefone;
Solicitação;SECRETARIA MUNICIPAL DO MEIO AMBIENTE;01/01/2025;Coleta;Resíduos vegetais de jardim;Aberto;José Naves da Cunha;SEMINARIO;Unidade Regional Portao;;Portal;
Solicitação;SECRETARIA MUNICIPAL DO MEIO AMBIENTE;01/01/2025;Coleta;Resíduos vegetais de jardim;Aberto;Presidente Kennedy;PAROLIN;Unidade Regional Portao;;Portal;
Solicitação;SECRETARIA MUNICIPAL DO MEIO AMBIENTE;01/01/2025;Coleta;Resíduos vegetais de jardim;Aberto;RUA BINEM SCHECHTER;SANTA FELICIDADE;Unidade Regional Santa Felicidade;;Mobile;
Solicitação;SECRETARIA MUNICIPAL DO MEIO AMBIENTE;01/01/2025;Coleta;Resíduos vegetais de jardim;Aberto;Rua Coronel Vergínio Leinig de Mello;ABRANCHES;Unidade Regional Boa Vista;;Telefone;
Solicitação;SECRETARIA MUNICIPAL DO MEIO AMBIENTE;01/01/2025;Coleta;Resíduos vegetais de jardim;Aberto;Pedro Américo;NOVO MUNDO;Unidade Regional Pinheirinho;;Portal;
Solicitação;SECRETARIA MUNICIPAL DO MEIO AMBIENTE;01/01/2025;Coleta;Resíduos vegetais de jardim;Aberto;RUA VINTE E CINCO DE ABRIL;PILARZINHO;Unidade Regional Boa Vista;;Telefone;
Solicitação;SECRETARIA MUNICIPAL DO MEIO AMBIENTE;01/01/2025;Coleta;Caliças até 5 carrinhos de mão;Aberto;Rua Professor José Farâni Mansur Guérios;PAROLIN;Unidade Regional Portao;;Mobile;
Solicitação;SECRETARIA MUNICIPAL DO MEIO AMBIENTE;01/01/2025;Coleta;Caliças até 5 carrinhos de mão;Aberto;RUA PADRE GERMANO MAYER;ALTO DA RUA XV;Unidade Regional Matriz;;Mobile;
Solicitação;SECRETARIA MUNICIPAL DO MEIO AMBIENTE;01/01/2025;Coleta;Caliças até 5 carrinhos de mão;Aberto;Rua Roberto José Breckenfeld;PINHEIRINHO;Unidade Regional Pinheirinho;;Mobile;
Solicitação;SECRETARIA MUNICIPAL DO MEIO AMBIENTE;01/01/2025;Coleta;Caliças até 5 carrinhos de mão;Aberto;Nicolau Copérnico;JARDIM DAS AMERICAS;Unidade Regional Cajuru;;Mobile;
Solicitação;SECRETARIA MUNICIPAL DO MEIO AMBIENTE;01/01/2025;Coleta;Caliças até 5 carrinhos de mão;Aberto;Rua Manoel Hygino dos Santos;GUAIRA;Unidade Regional Portao;;Mobile;
Solicitação;SECRETARIA MUNICIPAL DO MEIO AMBIENTE;01/01/2025;Coleta;Caliças até 5 carrinhos de mão;Aberto;Rua Nicola Pellanda;PINHEIRINHO;Unidade Regional Pinheirinho;;Telefone;
Solicitação;SECRETARIA MUNICIPAL DO MEIO AMBIENTE;01/01/2025;Coleta;Caliças até 5 carrinhos de mão;Aberto;RUA JOSE RIETMEYER;GUABIROTUBA;Unidade Regional Cajuru;;Mobile;
Solicitação;SECRETARIA MUNICIPAL DO MEIO AMBIENTE;01/01/2025;Coleta;Caliças até 5 carrinhos de mão;Aberto;Rua Francisco Ader;NOVO MUNDO;Unidade Regional Pinheirinho;;Mobile;
Solicitação;SECRETARIA MUNICIPAL DO MEIO AMBIENTE;01/01/2025;Coleta;Caliças até 5 carrinhos de mão;Aberto;Rua Ministro José Linhares;BAIRRO ALTO;Unidade Regional Boa Vista;;Mobile;
Solicitação;SECRETARIA MUNICIPAL DO MEIO AMBIENTE;01/01/2025;Coleta;Caliças até 5 carrinhos de mão;Aberto;RUA SOLIDARIEDADE;CAJURU;Unidade Regional Cajuru;;Telefone;
Solicitação;SECRETARIA MUNICIPAL DO MEIO AMBIENTE;01/01/2025;Coleta;Caliças até 5 carrinhos de mão;Aberto;Rua Estefano Joucoski;VISTA ALEGRE;Unidade Regional Santa Felicidade;;Mobile;
Solicitação;SECRETARIA MUNICIPAL DO MEIO AMBIENTE;01/01/2025;Coleta;Caliças até 5 carrinhos de mão;Aberto;Rua Florisvaldo Rufino Tosin;CIDADE INDUSTRIAL;Unidade Regional CIC;;Mobile;
Solicitação;SECRETARIA MUNICIPAL DO MEIO AMBIENTE;01/01/2025;Coleta;Caliças até 5 carrinhos de mão;Aberto;RUA MINAS GERAIS;GUAIRA;Unidade Regional Portao;;Telefone;
Solicitação;SECRETARIA MUNICIPAL DO MEIO AMBIENTE;01/01/2025;Coleta;Caliças até 5 carrinhos de mão;Aberto;Rua Professor Ary Nogueira dos Santos;BOQUEIRAO;Unidade Regional Boqueirao;;Mobile;
Solicitação;SECRETARIA MUNICIPAL DO MEIO AMBIENTE;01/01/2025;Coleta;Caliças até 5 carrinhos de mão;Aberto;Rua Pedro Eloy de Souza;BAIRRO ALTO;Unidade Regional Boa Vista;;Mobile;
Solicitação;SECRETARIA MUNICIPAL DO MEIO AMBIENTE;01/01/2025;Coleta;Caliças até 5 carrinhos de mão;Aberto;Rua Arnaldo Pisseti;BAIRRO ALTO;Unidade Regional Boa Vista;;Mobile;
Solicitação;SECRETARIA MUNICIPAL DO MEIO AMBIENTE;01/01/2025;Coleta;Caliças até 5 carrinhos de mão;Aberto;Desembargador Isaías Bevilaqua;MERCES;Unidade Regional Matriz;;Portal;
Solicitação;SECRETARIA MUNICIPAL DO MEIO AMBIENTE;01/01/2025;Coleta;Caliças até 5 carrinhos de mão;Aberto;Rua Sérgio Roberto Garbosa;AUGUSTA;Unidade Regional CIC;;Mobile;
Solicitação;SECRETARIA MUNICIPAL DO MEIO AMBIENTE;01/01/2025;Coleta;Caliças até 5 carrinhos de mão;Aberto;RUA DOUTOR MARCALLO TISSOT;SANTO INACIO;Unidade Regional Santa Felicidade;;Telefone;
Solicitação;SECRETARIA MUNICIPAL DO MEIO AMBIENTE;01/01/2025;Coleta;Entulhos diversos (pequena quantidade);Aberto;RUA EVARISTO DA VEIGA ;BOQUEIRAO;Unidade Regional Boqueirao;;Telefone;
Solicitação;SECRETARIA MUNICIPAL DO MEIO AMBIENTE;01/01/2025;Coleta;Entulhos diversos (pequena quantidade);Aberto;RUA ILDEFONSO CORREIA FONTANA;CIDADE INDUSTRIAL;Unidade Regional CIC;;Telefone;
Solicitação;SECRETARIA MUNICIPAL DO MEIO AMBIENTE;01/01/2025;Coleta;Entulhos diversos (pequena quantidade);Aberto;Rua Masao Ishii;UBERABA;Unidade Regional Cajuru;;Mobile;
Solicitação;SECRETARIA MUNICIPAL DO MEIO AMBIENTE;01/01/2025;Coleta;Entulhos diversos (pequena quantidade);Aberto;RUA 11 DE AGOSTO;XAXIM;Unidade Regional Boqueirao;;Mobile;
Solicitação;SECRETARIA MUNICIPAL DO MEIO AMBIENTE;01/01/2025;Coleta;Entulhos diversos (pequena quantidade);Aberto;Rua João Batista Ribeiro;JARDIM BOTANICO;Unidade Regional Matriz;;Mobile;
Solicitação;SECRETARIA MUNICIPAL DO MEIO AMBIENTE;01/01/2025;Coleta;Entulhos diversos (pequena quantidade);Aberto;Rua João Batista Ribeiro;JARDIM BOTANICO;Unidade Regional Matriz;;Mobile;
Solicitação;SECRETARIA MUNICIPAL DO MEIO AMBIENTE;01/01/2025;Coleta;Entulhos diversos (pequena quantidade);Aberto;Apolônio de Tiana;SANTA CANDIDA;Unidade Regional Boa Vista;;Portal;
Solicitação;SECRETARIA MUNICIPAL DO MEIO AMBIENTE;01/01/2025;Coleta;Entulhos diversos (pequena quantidade);Aberto;Rua Hugo Morgenstern;PINHEIRINHO;Unidade Regional Pinheirinho;;Mobile;
Solicitação;SECRETARIA MUNICIPAL DO MEIO AMBIENTE;01/01/2025;Coleta;Entulhos diversos (pequena quantidade);Aberto;Avenida Nossa Senhora de Lourdes;JARDIM DAS AMERICAS;Unidade Regional Cajuru;;Mobile;
Solicitação;SECRETARIA MUNICIPAL DO MEIO AMBIENTE;01/01/2025;Coleta;Entulhos diversos (pequena quantidade);Aberto;Rua José Bajerski;ABRANCHES;Unidade Regional Boa Vista;;Mobile;
Solicitação;SECRETARIA MUNICIPAL DO MEIO AMBIENTE;01/01/2025;Coleta;Entulhos diversos (pequena quantidade);Aberto;Rua Blaise Pascal;ABRANCHES;Unidade Regional Boa Vista;;Mobile;
Solicitação;SECRETARIA MUNICIPAL DO MEIO AMBIENTE;01/01/2025;Coleta;Entulhos diversos (pequena quantidade);Aberto;José Batista dos Santos;CIDADE INDUSTRIAL;Unidade Regional CIC;;Portal;
Solicitação;SECRETARIA MUNICIPAL DO MEIO AMBIENTE;01/01/2025;Coleta;Entulhos diversos (pequena quantidade);Aberto;RUA JOSÉ WOSNIAK;CAMPO DE SANTANA;Unidade Regional Tatuquara;;Telefone;
Solicitação;SECRETARIA MUNICIPAL DO MEIO AMBIENTE;01/01/2025;Coleta;Entulhos diversos (pequena quantidade);Aberto;Rua Odorico José Chiamulera;CIDADE INDUSTRIAL;Unidade Regional CIC;;Mobile;
Solicitação;SECRETARIA MUNICIPAL DO MEIO AMBIENTE;01/01/2025;Coleta;Entulhos diversos (pequena quantidade);Aberto;Trofi André Aquim;UBERABA;Unidade Regional Cajuru;;Mobile;
Solicitação;SECRETARIA MUNICIPAL DO MEIO AMBIENTE;01/01/2025;Coleta;Entulhos diversos (pequena quantidade);Aberto;da Avenida João Gualberto;ALTO DA GLORIA;Unidade Regional Matriz;;Portal;
Solicitação;SECRETARIA MUNICIPAL DO MEIO AMBIENTE;01/01/2025;Coleta;Entulhos diversos (pequena quantidade);Aberto;RUA VISCONDE DO RIO BRANCO;MERCES;Unidade Regional Matriz;;Mobile;
Solicitação;SECRETARIA MUNICIPAL DO MEIO AMBIENTE;01/01/2025;Coleta;Entulhos diversos (pequena quantidade);Aberto;Rua Adari Fernando Visinoni;CIDADE INDUSTRIAL;Unidade Regional CIC;;Mobile;
Solicitação;SECRETARIA MUNICIPAL DO MEIO AMBIENTE;01/01/2025;Coleta;Entulhos diversos (pequena quantidade);Aberto;Rua José Lins do Rêgo;BAIRRO ALTO;Unidade Regional Boa Vista;;Mobile;
Solicitação;SECRETARIA MUNICIPAL DO MEIO AMBIENTE;01/01/2025;Coleta;Entulhos diversos (pequena quantidade);Aberto;Rua Visconde de Nácar;MERCES;Unidade Regional Matriz;;Mobile;
Solicitação;SECRETARIA MUNICIPAL DO MEIO AMBIENTE;01/01/2025;Coleta;Entulhos diversos (pequena quantidade);Aberto;RUA ARLINDO ROCHA;CAJURU;Unidade Regional Cajuru;;Mobile;
Solicitação;SECRETARIA MUNICIPAL DO MEIO AMBIENTE;01/01/2025;Coleta;Entulhos diversos (pequena quantidade);Aberto;Augusto Ricciardella Correia;SANTO INACIO;Unidade Regional Santa Felicidade;;Portal;
Solicitação;SECRETARIA MUNICIPAL DO MEIO AMBIENTE;01/01/2025;Coleta;Entulhos diversos (pequena quantidade);Aberto;Rua Campo do Tenente;ALTO BOQUEIRAO;Unidade Regional Boqueirao;;Mobile;
Solicitação;SECRETARIA MUNICIPAL DO MEIO AMBIENTE;01/01/2025;Coleta;Entulhos diversos (pequena quantidade);Aberto;Rua Theodoro Bordignon;UBERABA;Unidade Regional Cajuru;;Mobile;
Solicitação;SECRETARIA MUNICIPAL DO MEIO AMBIENTE;01/01/2025;Coleta;Entulhos diversos (pequena quantidade);Aberto;Diácono Silvério da Silva Negrão;CACHOEIRA;Unidade Regional Boa Vista;;Portal;
Solicitação;SECRETARIA MUNICIPAL DO MEIO AMBIENTE;01/01/2025;Coleta;Entulhos diversos (pequena quantidade);Aberto;Rua Borrazópolis;XAXIM;Unidade Regional Boqueirao;;Mobile;
Solicitação;SECRETARIA MUNICIPAL DO MEIO AMBIENTE;01/01/2025;Coleta;Entulhos diversos (pequena quantidade);Aberto;RUA PEDRO FERRAZ RODRIGUES;PILARZINHO;Unidade Regional Boa Vista;;Mobile;
Solicitação;SECRETARIA MUNICIPAL DO MEIO AMBIENTE;01/01/2025;Coleta;Entulhos diversos (pequena quantidade);Aberto;Rua Maria Ficinska;TARUMA;Unidade Regional Cajuru;;Mobile;
Solicitação;SECRETARIA MUNICIPAL DO MEIO AMBIENTE;01/01/2025;Coleta;Entulhos diversos (pequena quantidade);Aberto;Rua Bruno lobo;BAIRRO ALTO;Unidade Regional Boa Vista;;Mobile;
Solicitação;SECRETARIA MUNICIPAL DO MEIO AMBIENTE;01/01/2025;Coleta;Entulhos diversos (pequena quantidade);Aberto;Rua Florença;XAXIM;Unidade Regional Boqueirao;;Mobile;
Solicitação;SECRETARIA MUNICIPAL DO MEIO AMBIENTE;01/01/2025;Coleta;Entulhos diversos (pequena quantidade);Aberto;Rua Altino Alves Cordeiro;ALTO BOQUEIRAO;Unidade Regional Boqueirao;;Telefone;
Solicitação;SECRETARIA MUNICIPAL DO MEIO AMBIENTE;01/01/2025;Coleta;Entulhos diversos (pequena quantidade);Aberto;Augusto Stresser;ALTO DA GLORIA;Unidade Regional Matriz;;Portal;
Solicitação;SECRETARIA MUNICIPAL DO MEIO AMBIENTE;01/01/2025;Coleta;Entulhos diversos (pequena quantidade);Aberto;RUA PROFESSOR GUILHERME BUTLER;BARREIRINHA;Unidade Regional Boa Vista;;Mobile;
Solicitação;SECRETARIA MUNICIPAL DO MEIO AMBIENTE;01/01/2025;Coleta;Entulhos diversos (pequena quantidade);Aberto;Rua Previsto Columbia;GUAIRA;Unidade Regional Portao;;Mobile;
Solicitação;SECRETARIA MUNICIPAL DO MEIO AMBIENTE;01/01/2025;Coleta;Entulhos diversos (pequena quantidade);Aberto;RUA HOLANDA;BOA VISTA;Unidade Regional Boa Vista;;Telefone;
Solicitação;SECRETARIA MUNICIPAL DO MEIO AMBIENTE;01/01/2025;Coleta;Entulhos diversos (pequena quantidade);Aberto;Monsenhor Ivo Zanlorenzi;MOSSUNGUE;Unidade Regional Santa Felicidade;;Mobile;
Solicitação;SECRETARIA MUNICIPAL DO MEIO AMBIENTE;01/01/2025;Coleta;Entulhos diversos (pequena quantidade);Aberto;Rua Bom Jesus de Iguape;HAUER;Unidade Regional Boqueirao;;Mobile;
Solicitação;SECRETARIA MUNICIPAL DO MEIO AMBIENTE;01/01/2025;Coleta;Entulhos diversos (pequena quantidade);Aberto;Rua Colibri;TINGUI;Unidade Regional Boa Vista;;Mobile;
Solicitação;SECRETARIA MUNICIPAL DO MEIO AMBIENTE;01/01/2025;Coleta;Entulhos diversos (pequena quantidade);Aberto;Rua Ourizona;SITIO CERCADO;Unidade Regional Bairro Novo;;Mobile;
Solicitação;SECRETARIA MUNICIPAL DO MEIO AMBIENTE;01/01/2025;Coleta;Entulhos diversos (pequena quantidade);Aberto;RUA PROFESSOR DOUTOR PEDRO RIBEIRO MACEDO DA COSTA;VILA IZABEL;Unidade Regional Portao;;Telefone;
Solicitação;SECRETARIA MUNICIPAL DO MEIO AMBIENTE;01/01/2025;Coleta;Entulhos diversos (pequena quantidade);Aberto;Rua Cidade Gaúcha;CIDADE INDUSTRIAL;Unidade Regional CIC;;Mobile;
Solicitação;SECRETARIA MUNICIPAL DO MEIO AMBIENTE;01/01/2025;Coleta;Entulhos diversos (pequena quantidade);Aberto;Rua Francisco Ceccon;ALTO BOQUEIRAO;Unidade Regional Boqueirao;;Mobile;
Solicitação;SECRETARIA MUNICIPAL DO MEIO AMBIENTE;01/01/2025;Coleta;Entulhos diversos (pequena quantidade);Aberto;RUA JOSE ALCIDES DE LIMA;CAPAO RASO;Unidade Regional Pinheirinho;;Mobile;
Solicitação;SECRETARIA MUNICIPAL DO MEIO AMBIENTE;01/01/2025;Coleta;Entulhos diversos (pequena quantidade);Aberto;Rua Rio Jaguaribe;BAIRRO ALTO;Unidade Regional Boa Vista;;Mobile;
Solicitação;SECRETARIA MUNICIPAL DO MEIO AMBIENTE;01/01/2025;Coleta;Entulhos diversos (pequena quantidade);Aberto;Rua Brasílio Ribas;NOVO MUNDO;Unidade Regional Pinheirinho;;Mobile;
Solicitação;SECRETARIA MUNICIPAL DO MEIO AMBIENTE;01/01/2025;Coleta;Entulhos diversos (pequena quantidade);Aberto;João Batista Palu;CIDADE INDUSTRIAL;Unidade Regional CIC;;Portal;
Solicitação;SECRETARIA MUNICIPAL DO MEIO AMBIENTE;01/01/2025;Coleta;Entulhos diversos (pequena quantidade);Aberto;RUA SIMÃO MANSUR;BOA VISTA;Unidade Regional Boa Vista;;Telefone;
Solicitação;SECRETARIA MUNICIPAL DO MEIO AMBIENTE;01/01/2025;Coleta;Entulhos diversos (pequena quantidade);Aberto;Rua Rio Guaporé;BAIRRO ALTO;Unidade Regional Boa Vista;;Telefone;
Solicitação;SECRETARIA MUNICIPAL DO MEIO AMBIENTE;01/01/2025;Coleta;Entulhos diversos (pequena quantidade);Aberto;Rua dos Ipês;BARREIRINHA;Unidade Regional Boa Vista;;Mobile;
Solicitação;SECRETARIA MUNICIPAL DO MEIO AMBIENTE;01/01/2025;Limpeza;Óleo na pista;Aberto;do Batel;BATEL;Unidade Regional Matriz;;Portal;
Solicitação;SECRETARIA MUNICIPAL DO MEIO AMBIENTE;01/01/2025;Limpeza;Lavagem de vias - caminhão pipa;Aberto;RUA BENTO VIANA;AGUA VERDE;Unidade Regional Portao;;Telefone;
Solicitação;SECRETARIA MUNICIPAL DO MEIO AMBIENTE;01/01/2025;Varrição;Manual;Aberto;AVENIDA IGUAÇU;REBOUCAS;Unidade Regional Matriz;;Telefone;
Solicitação;SECRETARIA MUNICIPAL DO MEIO AMBIENTE;01/01/2025;Sinalização vertical;Implantação de proibitiva para lixo;Aberto;RUA JOSÉ VALLA;ORLEANS;Unidade Regional Santa Felicidade;;Telefone;
Solicitação;SECRETARIA MUNICIPAL DO MEIO AMBIENTE;01/01/2025;Fiscalização;Resíduos dispostos inadequadamente em passeio;Aberto;Rua Daisy Luci Berno;GUAIRA;Unidade Regional Portao;;Chat;
Solicitação;SECRETARIA MUNICIPAL DO MEIO AMBIENTE;01/01/2025;Fiscalização;Resíduos dispostos inadequadamente em passeio;Aberto;RUA DUQUE DE CAXIAS;SAO FRANCISCO;Unidade Regional Matriz;;Telefone;
Solicitação;SECRETARIA MUNICIPAL DO MEIO AMBIENTE;01/01/2025;Fiscalização;Resíduos dispostos inadequadamente em passeio;Aberto;Rua Francisco Torres;CENTRO;Unidade Regional Matriz;;Chat;
Reclamação;SECRETARIA MUNICIPAL DO MEIO AMBIENTE;01/01/2025;Coleta;Atendimento (resíduos recicláveis);Aberto;RUA DAS MARGARIDAS;CAMPO DE SANTANA;Unidade Regional Tatuquara;;Telefone;
Reclamação;SECRETARIA MUNICIPAL DO MEIO AMBIENTE;01/01/2025;Coleta;Atendimento (resíduos recicláveis);Aberto;Rua Jorge Simão;ALTO BOQUEIRAO;Unidade Regional Boqueirao;;Telefone;
Reclamação;SECRETARIA MUNICIPAL DO MEIO AMBIENTE;01/01/2025;Coleta;Atendimento (resíduos recicláveis);Aberto;RUA JOÃO RODOLFO SCHLENKER;PORTAO;Unidade Regional Portao;;Telefone;
Solicitação;SECRETARIA MUNICIPAL DO MEIO AMBIENTE;01/01/2025;Coleta;Atendimento (resíduos recicláveis);Em avaliação;Professora Maria Balbina Costa Dias;BOA VISTA;Unidade Regional Boa Vista;;Portal;
Reclamação;SECRETARIA MUNICIPAL DO MEIO AMBIENTE;01/01/2025;Coleta;Atendimento (resíduos recicláveis);Aberto;Rua Miguel Piekarski;BOA VISTA;Unidade Regional Boa Vista;;Telefone;
Solicitação;SECRETARIA MUNICIPAL DO MEIO AMBIENTE;01/01/2025;Coleta;Atendimento (resíduos diversos em via pública);Aberto;RUA JOÃO ANTÔNIO CULPI;PINHEIRINHO;Unidade Regional Pinheirinho;;Telefone;
Reclamação;SECRETARIA MUNICIPAL DO MEIO AMBIENTE;01/01/2025;Coleta;Atendimento (domiciliar);Aberto;RUA NEY ITIBERÊ PIÁ DE ANDRADE;SANTO INACIO;Unidade Regional Santa Felicidade;;Telefone;
Reclamação;SECRETARIA MUNICIPAL DO MEIO AMBIENTE;01/01/2025;Coleta;Atendimento (domiciliar);Aberto;RUA FORTALEZA;CAJURU;Unidade Regional Cajuru;;Telefone;
Reclamação;SECRETARIA MUNICIPAL DO MEIO AMBIENTE;01/01/2025;Coleta;Atendimento (domiciliar);Aberto;Rua Nicolau Serrato Sobrinho;NOVO MUNDO;Unidade Regional Pinheirinho;;Telefone;
Reclamação;SECRETARIA MUNICIPAL DO MEIO AMBIENTE;01/01/2025;Coleta;Atendimento (domiciliar);Aberto;Francisco de Camargo Pinto;CAPAO RASO;Unidade Regional Pinheirinho;;Portal;
Reclamação;SECRETARIA MUNICIPAL DO MEIO AMBIENTE;01/01/2025;Coleta;Atendimento (domiciliar);Aberto;RUA JOÃO RODOLFO SCHLENKER;PORTAO;Unidade Regional Portao;;Telefone;
Reclamação;SECRETARIA MUNICIPAL DO MEIO AMBIENTE;01/01/2025;Coleta;Atendimento (domiciliar);Aberto;RUA BALTAZAR CARRASCO DOS REIS;REBOUCAS;Unidade Regional Matriz;;Telefone;
Sugestão;SECRETARIA MUNICIPAL DO MEIO AMBIENTE;01/01/2025;Coleta;Atendimento (domiciliar);Aberto;Hayton da Silva Pereira;CAPAO DA IMBUIA;Unidade Regional Cajuru;;Portal;
Reclamação;SECRETARIA MUNICIPAL DO MEIO AMBIENTE;01/01/2025;Coleta;Atendimento (domiciliar);Aberto;RUA BOCAIÚVA;SANTA QUITERIA;Unidade Regional Portao;;Telefone;
Solicitação;SECRETARIA MUNICIPAL DO MEIO AMBIENTE;01/01/2025;Coleta;Atendimento (domiciliar);Aberto;Rua Helena Nunes da Silva;CIDADE INDUSTRIAL;Unidade Regional CIC;;Telefone;
Reclamação;SECRETARIA MUNICIPAL DO MEIO AMBIENTE;01/01/2025;Coleta;Atendimento (domiciliar);Aberto;Rua Sebastião Malucelli;NOVO MUNDO;Unidade Regional Pinheirinho;;Telefone;
Reclamação;SECRETARIA MUNICIPAL DO MEIO AMBIENTE;01/01/2025;Coleta;Atendimento (domiciliar);Aberto;Magdalena Taborda Ribas;NOVO MUNDO;Unidade Regional Pinheirinho;;Portal;
Reclamação;SECRETARIA MUNICIPAL DO MEIO AMBIENTE;01/01/2025;Coleta;Atendimento (domiciliar);Aberto;RUA JOSÉ ALCIDES DE LIMA;NOVO MUNDO;Unidade Regional Pinheirinho;;Telefone;
Reclamação;SECRETARIA MUNICIPAL DO MEIO AMBIENTE;01/01/2025;Coleta;Atendimento (domiciliar);Aberto;Rua Das Carmelitas;BOQUEIRAO;Unidade Regional Boqueirao;;Telefone;
Solicitação;SECRETARIA MUNICIPAL DO MEIO AMBIENTE;01/01/2025;Animais domésticos;Remoção de caninos mortos;Aberto;RUA BORTOLO PARISE;SANTA FELICIDADE;Unidade Regional Santa Felicidade;;Telefone;
Solicitação;SECRETARIA MUNICIPAL DO MEIO AMBIENTE;01/01/2025;Animais domésticos;Remoção de caninos mortos;Aberto;AVENIDA IGUAÇU;REBOUCAS;Unidade Regional Matriz;;Telefone;
Solicitação;SECRETARIA MUNICIPAL DO MEIO AMBIENTE;01/01/2025;Animais domésticos;Remoção de caninos mortos;Aberto;Rua Rio Tietê;BAIRRO ALTO;Unidade Regional Boa Vista;;Chat;
Solicitação;SECRETARIA MUNICIPAL DO MEIO AMBIENTE;01/01/2025;Animais domésticos;Remoção de caninos mortos;Aberto;RUA DAS CARMELITAS;BOQUEIRAO;Unidade Regional Boqueirao;;Telefone;
Solicitação;SECRETARIA MUNICIPAL DO MEIO AMBIENTE;01/01/2025;Animais domésticos;Remoção de caninos mortos;Aberto;Rua Brigadeiro Arthur Carlos Peralta;BOA VISTA;Unidade Regional Boa Vista;;Telefone;
Solicitação;SECRETARIA MUNICIPAL DO MEIO AMBIENTE;01/01/2025;Animais domésticos;Remoção de caninos mortos;Aberto;RUA DEPUTADO OLIVIO BELICH;BOM RETIRO;Unidade Regional Matriz;;Telefone;
Solicitação;SECRETARIA MUNICIPAL DO MEIO AMBIENTE;01/01/2025;Animais domésticos;Remoção de caninos mortos;Aberto;RUA OLÍVIO DOMINGOS LEONARDI;SITIO CERCADO;Unidade Regional Bairro Novo;;Telefone;
Solicitação;SECRETARIA MUNICIPAL DO MEIO AMBIENTE;01/01/2025;Animais domésticos;Remoção de caninos mortos;Aberto;Rua José Lins do Rego;BAIRRO ALTO;Unidade Regional Boa Vista;;Telefone;
Solicitação;SECRETARIA MUNICIPAL DO MEIO AMBIENTE;01/01/2025;Animais domésticos;Remoção de caninos mortos;Aberto;Avenida Presidente Affonso Camargo;CAPAO DA IMBUIA;Unidade Regional Cajuru;;Telefone;
Solicitação;SECRETARIA MUNICIPAL DO MEIO AMBIENTE;01/01/2025;Animais domésticos;Remoção de caninos mortos;Aberto;RUA LUPIONÓPOLIS;SITIO CERCADO;Unidade Regional Bairro Novo;;Telefone;
Solicitação;SECRETARIA MUNICIPAL DO MEIO AMBIENTE;01/01/2025;Animais domésticos;Remoção de caninos mortos;Aberto;Rua Otávio Bressan;SANTA FELICIDADE;Unidade Regional Santa Felicidade;;Telefone;
Solicitação;SECRETARIA MUNICIPAL DO MEIO AMBIENTE;01/01/2025;Animais domésticos;Remoção de caninos mortos;Aberto;Rua Joaquim Ribeiro de Camargo;ALTO BOQUEIRAO;Unidade Regional Boqueirao;;Telefone;
Solicitação;SECRETARIA MUNICIPAL DO MEIO AMBIENTE;01/01/2025;Animais domésticos;Remoção de caninos mortos;Aberto;Rua Brigadeiro Arthur Carlos Peralta;BOA VISTA;Unidade Regional Boa Vista;;Telefone;
Solicitação;SECRETARIA MUNICIPAL DO MEIO AMBIENTE;01/01/2025;Animais domésticos;Remoção de caninos mortos;Aberto;TRAVESSA JOSÉ ANÍBAL DUTRA LAMIN;TATUQUARA;Unidade Regional Tatuquara;;Telefone;
Solicitação;SECRETARIA MUNICIPAL DO MEIO AMBIENTE;01/01/2025;Animais domésticos;Remoção de caninos mortos;Aberto;RUA ESPER JORGE CHUERI;CAJURU;Unidade Regional Cajuru;;Telefone;
Solicitação;SECRETARIA MUNICIPAL DO MEIO AMBIENTE;01/01/2025;Animais domésticos;Remoção de caninos mortos;Aberto;RUA SÃO PIO X;AHU;Unidade Regional Matriz;;Telefone;
Solicitação;SECRETARIA MUNICIPAL DO MEIO AMBIENTE;01/01/2025;Animais domésticos;Remoção de caninos mortos;Aberto;Rua João Sales Barreto Bossle;CAMPO DE SANTANA;Unidade Regional Tatuquara;;Telefone;
Solicitação;SECRETARIA MUNICIPAL DO MEIO AMBIENTE;01/01/2025;Animais domésticos;Remoção de caninos mortos;Aberto;RUA RIO TIETÊ;BAIRRO ALTO;Unidade Regional Boa Vista;;Telefone;
Solicitação;SECRETARIA MUNICIPAL DO MEIO AMBIENTE;01/01/2025;Animais domésticos;Remoção de felinos mortos;Aberto;Rua Alcino Guanabara;HAUER;Unidade Regional Boqueirao;;Telefone;
Solicitação;SECRETARIA MUNICIPAL DO MEIO AMBIENTE;01/01/2025;Animais domésticos;Remoção de felinos mortos;Aberto;Avenida Frederico Lambertucci;FAZENDINHA;Unidade Regional Portao;;Telefone;
Solicitação;SECRETARIA MUNICIPAL DO MEIO AMBIENTE;01/01/2025;Animais domésticos;Remoção de felinos mortos;Aberto;Rua Arthur Ramos;BAIRRO ALTO;Unidade Regional Boa Vista;;Chat;
Solicitação;SECRETARIA MUNICIPAL DO MEIO AMBIENTE;01/01/2025;Animais domésticos;Remoção de felinos mortos;Aberto;Rua Diógenes do Brasil Lobato;TINGUI;Unidade Regional Boa Vista;;Telefone;
Solicitação;SECRETARIA MUNICIPAL DO MEIO AMBIENTE;01/01/2025;Árvore;Avaliação para corte em via pública;Aberto;Alcir Martins Bastos;FAZENDINHA;Unidade Regional Portao;;Portal;
Solicitação;SECRETARIA MUNICIPAL DO MEIO AMBIENTE;01/01/2025;Árvore;Avaliação para corte em via pública;Aberto;Rua Pará;AGUA VERDE;Unidade Regional Portao;;Mobile;
Solicitação;SECRETARIA MUNICIPAL DO MEIO AMBIENTE;01/01/2025;Árvore;Avaliação para corte em via pública;Aberto;Professor José Nogueira dos Santos;HAUER;Unidade Regional Boqueirao;;Mobile;
Solicitação;SECRETARIA MUNICIPAL DO MEIO AMBIENTE;01/01/2025;Árvore;Árvore ou galho caído – sem bloqueio de passagem;Aberto;Nossa Senhora Aparecida;SEMINARIO;Unidade Regional Portao;;Portal;
Solicitação;SECRETARIA MUNICIPAL DO MEIO AMBIENTE;01/01/2025;Árvore;Poda de manutenção em árvores;Aberto;RUA JOAO BATISTA COLLIN;SANTA QUITERIA;Unidade Regional Portao;;Mobile;
Solicitação;SECRETARIA MUNICIPAL DO MEIO AMBIENTE;01/01/2025;Árvore;Poda de manutenção em árvores;Aberto;RUA WANDA WOLF;SANTA FELICIDADE;Unidade Regional Santa Felicidade;;Mobile;
Solicitação;SECRETARIA MUNICIPAL DO MEIO AMBIENTE;01/01/2025;Árvore;Poda de manutenção em árvores;Aberto;Magdalena Taborda Ribas;NOVO MUNDO;Unidade Regional Pinheirinho;;Portal;
Solicitação;SECRETARIA MUNICIPAL DE OBRAS PÚBLICAS;01/01/2025;Iluminação pública - Via pública;Manutenção de luminárias em vias públicas;Aberto;Rua Marian Taseuzs Laslowski;CAJURU;Unidade Regional Cajuru;;Mobile;
Solicitação;SECRETARIA MUNICIPAL DE OBRAS PÚBLICAS;01/01/2025;Iluminação pública - Via pública;Manutenção de luminárias em vias públicas;Aberto;Manoel Borba Gato;BARREIRINHA;Unidade Regional Boa Vista;;Telefone;
Solicitação;SECRETARIA MUNICIPAL DE OBRAS PÚBLICAS;01/01/2025;Iluminação pública - Via pública;Manutenção de luminárias em vias públicas;Aberto;Rua Alberto Breowicz;BAIRRO ALTO;Unidade Regional Boa Vista;;Mobile;
Solicitação;SECRETARIA MUNICIPAL DE OBRAS PÚBLICAS;01/01/2025;Iluminação pública - Via pública;Manutenção de luminárias em vias públicas;Aberto;Engenheiro Romulo Gutierrez;VISTA ALEGRE;Unidade Regional Santa Felicidade;;Mobile;
Solicitação;SECRETARIA MUNICIPAL DE OBRAS PÚBLICAS;01/01/2025;Iluminação pública - Via pública;Manutenção de luminárias em vias públicas;Aberto;Rua Jornalista Paulino De Almeida;CAJURU;Unidade Regional Cajuru;;Mobile;
Solicitação;SECRETARIA MUNICIPAL DE OBRAS PÚBLICAS;01/01/2025;Iluminação pública - Via pública;Manutenção de luminárias em vias públicas;Aberto;Rua Elvira Marquesini Vaz;SITIO CERCADO;Unidade Regional Bairro Novo;;Portal;
Solicitação;SECRETARIA MUNICIPAL DE OBRAS PÚBLICAS;01/01/2025;Iluminação pública - Via pública;Manutenção de luminárias em vias públicas;Aberto;Rua Rezala Simão;SANTA QUITERIA;Unidade Regional Portao;;Telefone;
Solicitação;SECRETARIA MUNICIPAL DE OBRAS PÚBLICAS;01/01/2025;Iluminação pública - Via pública;Manutenção de luminárias em vias públicas;Aberto;RUA MAGDALENA CHAGAS LIMA;SAO BRAZ;Unidade Regional Santa Felicidade;;Telefone;
Solicitação;SECRETARIA MUNICIPAL DE OBRAS PÚBLICAS;01/01/2025;Iluminação pública - Via pública;Manutenção de luminárias em vias públicas;Aberto;Rua Jose Izidoro Biazetto;CAMPO COMPRIDO;Unidade Regional Portao;;Mobile;
Solicitação;SECRETARIA MUNICIPAL DE OBRAS PÚBLICAS;01/01/2025;Iluminação pública - Via pública;Manutenção de luminárias em vias públicas;Aberto;Rua Edelzina De Jesus Santiago;CIDADE INDUSTRIAL;Unidade Regional CIC;;Mobile;
Solicitação;SECRETARIA MUNICIPAL DE OBRAS PÚBLICAS;01/01/2025;Iluminação pública - Via pública;Manutenção de luminárias em vias públicas;Aberto;Rua Ludovika Bordenoski Lopes;BOQUEIRAO;Unidade Regional Boqueirao;;Mobile;
Solicitação;SECRETARIA MUNICIPAL DE OBRAS PÚBLICAS;01/01/2025;Iluminação pública - Via pública;Manutenção de luminárias em vias públicas;Aberto;AVENIDA SETE DE SETEMBRO;CENTRO;Unidade Regional Matriz;;Telefone;
Solicitação;SECRETARIA MUNICIPAL DE OBRAS PÚBLICAS;01/01/2025;Iluminação pública - Via pública;Manutenção de luminárias em vias públicas;Aberto;RUA CLÁVIO MOLINARI;CAPAO DA IMBUIA;Unidade Regional Cajuru;;Telefone;
Solicitação;SECRETARIA MUNICIPAL DE OBRAS PÚBLICAS;01/01/2025;Iluminação pública - Via pública;Manutenção de luminárias em vias públicas;Aberto;Rua Mateus Leme;SAO FRANCISCO;Unidade Regional Matriz;;Mobile;
Solicitação;SECRETARIA MUNICIPAL DE OBRAS PÚBLICAS;01/01/2025;Iluminação pública - Via pública;Manutenção de luminárias em vias públicas;Aberto;Rua Danilo Pedro Schreiner;SITIO CERCADO;Unidade Regional Bairro Novo;;Mobile;
Solicitação;SECRETARIA MUNICIPAL DE OBRAS PÚBLICAS;01/01/2025;Iluminação pública - Via pública;Manutenção de luminárias em vias públicas;Aberto;Rua Capitao Joao Zaleski;LINDOIA;Unidade Regional Pinheirinho;;Mobile;
Solicitação;SECRETARIA MUNICIPAL DE OBRAS PÚBLICAS;01/01/2025;Iluminação pública - Via pública;Manutenção de luminárias em vias públicas;Aberto;Rua Jose Benedito Cottolengo;CAMPO COMPRIDO;Unidade Regional Portao;;Mobile;
Solicitação;SECRETARIA MUNICIPAL DE OBRAS PÚBLICAS;01/01/2025;Iluminação pública - Via pública;Manutenção de luminárias em vias públicas;Aberto;Rua Jose Benedito Cottolengo;CAMPO COMPRIDO;Unidade Regional Portao;;Mobile;
Solicitação;SECRETARIA MUNICIPAL DE OBRAS PÚBLICAS;01/01/2025;Iluminação pública - Via pública;Manutenção de luminárias em vias públicas;Aberto;AVENIDA SILVA JARDIM;REBOUCAS;Unidade Regional Matriz;;Telefone;
Solicitação;SECRETARIA MUNICIPAL DE OBRAS PÚBLICAS;01/01/2025;Iluminação pública - Via pública;Manutenção de luminárias em vias públicas;Aberto;Rua Olivio Domingos Leonardi;SITIO CERCADO;Unidade Regional Bairro Novo;;Mobile;
Solicitação;SECRETARIA MUNICIPAL DE OBRAS PÚBLICAS;01/01/2025;Iluminação pública - Via pública;Manutenção de luminárias em vias públicas;Aberto;AVENIDA JUSCELINO KUBITSCHEK DE OLIVEIRA;CIDADE INDUSTRIAL;Unidade Regional CIC;;Telefone;
Solicitação;SECRETARIA MUNICIPAL DE OBRAS PÚBLICAS;01/01/2025;Iluminação pública - Via pública;Manutenção de luminárias em vias públicas;Respondido;Dr Pedro Augusto M Barreto Monclaro;AGUA VERDE;Unidade Regional Portao;01/01/2025;Mobile;
Solicitação;SECRETARIA MUNICIPAL DE OBRAS PÚBLICAS;01/01/2025;Iluminação pública - Via pública;Manutenção de luminárias em vias públicas;Aberto;RUA SETE DE ABRIL;JUVEVE;Unidade Regional Matriz;;Telefone;
Solicitação;SECRETARIA MUNICIPAL DE OBRAS PÚBLICAS;01/01/2025;Iluminação pública - Via pública;Manutenção de luminárias em vias públicas;Aberto;AVENIDA JOÃO GUALBERTO;ALTO DA GLORIA;Unidade Regional Matriz;;Telefone;
Solicitação;SECRETARIA MUNICIPAL DE OBRAS PÚBLICAS;01/01/2025;Iluminação pública - Via pública;Manutenção de luminárias em vias públicas;Aberto;RUA NATAL GARIB;PILARZINHO;Unidade Regional Boa Vista;;Telefone;
Solicitação;SECRETARIA MUNICIPAL DE OBRAS PÚBLICAS;01/01/2025;Iluminação pública - Via pública;Manutenção de luminárias em vias públicas;Aberto;Avenida Parana;SANTA CANDIDA;Unidade Regional Boa Vista;;Mobile;
Solicitação;SECRETARIA MUNICIPAL DE OBRAS PÚBLICAS;01/01/2025;Iluminação pública - Via pública;Manutenção de luminárias em vias públicas;Aberto;Capitão Amin Mosse;ALTO BOQUEIRAO;Unidade Regional Boqueirao;;Mobile;
Solicitação;SECRETARIA MUNICIPAL DE OBRAS PÚBLICAS;01/01/2025;Iluminação pública - Via pública;Manutenção de luminárias em vias públicas;Aberto;RUA SALDANHA MARINHO;CENTRO;Unidade Regional Matriz;;Telefone;
Solicitação;SECRETARIA MUNICIPAL DE OBRAS PÚBLICAS;01/01/2025;Iluminação pública - Via pública;Manutenção de luminárias em vias públicas;Aberto;Rua Roaldo Brun;ATUBA;Unidade Regional Boa Vista;;Mobile;
Solicitação;SECRETARIA MUNICIPAL DE OBRAS PÚBLICAS;01/01/2025;Iluminação pública - Via pública;Manutenção de luminárias em vias públicas;Aberto;Rua Onofre Pedro Dos Santos;SAO JOAO;Unidade Regional Santa Felicidade;;Mobile;
Solicitação;SECRETARIA MUNICIPAL DE OBRAS PÚBLICAS;01/01/2025;Iluminação pública - Via pública;Manutenção de luminárias em vias públicas;Aberto;Rua Ulisses Geraldo Moro;ALTO BOQUEIRAO;Unidade Regional Boqueirao;;Mobile;
Solicitação;SECRETARIA MUNICIPAL DE OBRAS PÚBLICAS;01/01/2025;Iluminação pública - Via pública;Manutenção de luminárias em vias públicas;Aberto;Rua Brasilio Cuman;BUTIATUVINHA;Unidade Regional Santa Felicidade;;Portal;
Solicitação;SECRETARIA MUNICIPAL DE OBRAS PÚBLICAS;01/01/2025;Iluminação pública - Via pública;Manutenção de luminárias em vias públicas;Aberto;RUA CIDADE DE VERÊ;SANTA QUITERIA;Unidade Regional Portao;;Telefone;
Solicitação;SECRETARIA MUNICIPAL DE OBRAS PÚBLICAS;01/01/2025;Iluminação pública - Via pública;Manutenção de luminárias em vias públicas;Aberto;Eduardo Carlos Pereira;NOVO MUNDO;Unidade Regional Pinheirinho;;Mobile;
Solicitação;SECRETARIA MUNICIPAL DE OBRAS PÚBLICAS;01/01/2025;Iluminação pública - Via pública;Manutenção de luminárias em vias públicas;Aberto;AVENIDA CORONEL FRANCISCO HERÁCLITO DOS SANTOS;JARDIM DAS AMERICAS;Unidade Regional Cajuru;;Telefone;
Solicitação;SECRETARIA MUNICIPAL DE OBRAS PÚBLICAS;01/01/2025;Iluminação pública - Via pública;Manutenção de luminárias em vias públicas;Aberto;Rua Cidade De Figueira;ALTO BOQUEIRAO;Unidade Regional Boqueirao;;Mobile;
Solicitação;SECRETARIA MUNICIPAL DE OBRAS PÚBLICAS;01/01/2025;Iluminação pública - Via pública;Manutenção de luminárias em vias públicas;Aberto;Rua Rivadavia Fonseca De Macedo;CAJURU;Unidade Regional Cajuru;;Mobile;
Solicitação;SECRETARIA MUNICIPAL DE OBRAS PÚBLICAS;01/01/2025;Iluminação pública - Via pública;Manutenção de luminárias em vias públicas;Aberto;Rua Desembargador Motta;AGUA VERDE;Unidade Regional Portao;;Mobile;
Solicitação;SECRETARIA MUNICIPAL DE OBRAS PÚBLICAS;01/01/2025;Iluminação pública - Via pública;Manutenção de luminárias em vias públicas;Aberto;Avenida Presidente Getúlio Vargas;AGUA VERDE;Unidade Regional Portao;;Mobile;
Solicitação;SECRETARIA MUNICIPAL DE OBRAS PÚBLICAS;01/01/2025;Iluminação pública - Via pública;Manutenção de luminárias em vias públicas;Aberto;Parque Tangua;TABOAO;Unidade Regional Boa Vista;;Mobile;
Solicitação;SECRETARIA MUNICIPAL DE OBRAS PÚBLICAS;01/01/2025;Iluminação pública - Via pública;Manutenção de luminárias em vias públicas;Aberto;Avenida Presidente Getúlio Vargas;AGUA VERDE;Unidade Regional Portao;;Mobile;
Solicitação;SECRETARIA MUNICIPAL DE OBRAS PÚBLICAS;01/01/2025;Iluminação pública - Via pública;Manutenção de luminárias em vias públicas;Aberto;Parque Tangua;PILARZINHO;Unidade Regional Boa Vista;;Mobile;
Solicitação;SECRETARIA MUNICIPAL DE OBRAS PÚBLICAS;01/01/2025;Iluminação pública - Via pública;Manutenção de luminárias em vias públicas;Aberto;Rua Rivadavia De Macedo Junior;CIDADE INDUSTRIAL;Unidade Regional CIC;;Portal;
Solicitação;SECRETARIA MUNICIPAL DE OBRAS PÚBLICAS;01/01/2025;Iluminação pública - Via pública;Manutenção de luminárias em vias públicas;Aberto;Rua Buenos Aires;AGUA VERDE;Unidade Regional Portao;;Mobile;
Solicitação;SECRETARIA MUNICIPAL DE OBRAS PÚBLICAS;01/01/2025;Iluminação pública - Via pública;Manutenção de luminárias em vias públicas;Aberto;Rua Buenos Aires;AGUA VERDE;Unidade Regional Portao;;Mobile;
Solicitação;SECRETARIA MUNICIPAL DE OBRAS PÚBLICAS;01/01/2025;Iluminação pública - Via pública;Manutenção de luminárias em vias públicas;Aberto;Rua Engenheiro Joao Kloss;TATUQUARA;Unidade Regional Tatuquara;;Mobile;
Solicitação;SECRETARIA MUNICIPAL DE OBRAS PÚBLICAS;01/01/2025;Iluminação pública - Via pública;Manutenção de luminárias em vias públicas;Aberto;Rua Valerio Haisi;SANTA FELICIDADE;Unidade Regional Santa Felicidade;;Mobile;
Solicitação;SECRETARIA MUNICIPAL DE OBRAS PÚBLICAS;01/01/2025;Iluminação pública - Via pública;Manutenção de luminárias em vias públicas;Aberto;Rua Desembargador Motta;AGUA VERDE;Unidade Regional Portao;;Mobile;
Solicitação;SECRETARIA MUNICIPAL DE OBRAS PÚBLICAS;01/01/2025;Iluminação pública - Via pública;Manutenção de luminárias em vias públicas;Aberto;Avenida Presidente Getulio Vargas;AGUA VERDE;Unidade Regional Portao;;Mobile;
Solicitação;SECRETARIA MUNICIPAL DE OBRAS PÚBLICAS;01/01/2025;Iluminação pública - Via pública;Manutenção de luminárias em vias públicas;Aberto;Rua Pernambuco;GUAIRA;Unidade Regional Portao;;Portal;
Solicitação;SECRETARIA MUNICIPAL DE OBRAS PÚBLICAS;01/01/2025;Iluminação pública - Via pública;Manutenção de luminárias em vias públicas;Aberto;Avenida Sete De Setembro;SEMINARIO;Unidade Regional Portao;;Mobile;
Solicitação;SECRETARIA MUNICIPAL DE OBRAS PÚBLICAS;01/01/2025;Iluminação pública - Via pública;Manutenção de luminárias em vias públicas;Aberto;Avenida Juscelino Kubitschek De Oliveira Le;CIDADE INDUSTRIAL;Unidade Regional CIC;;Mobile;
Solicitação;SECRETARIA MUNICIPAL DE OBRAS PÚBLICAS;01/01/2025;Iluminação pública - Via pública;Manutenção de luminárias em vias públicas;Aberto;Avenida Prefeito Erasto Gaertner;BACACHERI;Unidade Regional Boa Vista;;Telefone;
Solicitação;SECRETARIA MUNICIPAL DE OBRAS PÚBLICAS;01/01/2025;Iluminação pública - Via pública;Manutenção de luminárias em vias públicas;Aberto;Rua Angela Bonato Nichele;PILARZINHO;Unidade Regional Boa Vista;;Mobile;
Solicitação;SECRETARIA MUNICIPAL DE OBRAS PÚBLICAS;01/01/2025;Iluminação pública em logradouros públicos;Manutenção de iluminação em logradouros públicos;Aberto;RUA OSWALDO MACIEL;TABOAO;Unidade Regional Boa Vista;;Telefone;
Solicitação;SECRETARIA DO GOVERNO MUNICIPAL;01/01/2025;Drenagem;Limpeza de tubulação;Aberto;Rua Professor Ary Nogueira Dos Santos;BOQUEIRAO;Unidade Regional Boqueirao;;Telefone;
Solicitação;SECRETARIA DO GOVERNO MUNICIPAL;01/01/2025;Pavimentação;Revitalização;Aberto;Rua Padre Dehon;BOQUEIRAO;Unidade Regional Boqueirao;;Mobile;
Solicitação;SECRETARIA DO GOVERNO MUNICIPAL;01/01/2025;Pavimentação;Revitalização;Aberto;Rua Pedro Siemens;XAXIM;Unidade Regional Boqueirao;;Mobile;
Solicitação;SECRETARIA DO GOVERNO MUNICIPAL;01/01/2025;Pavimentação;Manutenção;Aberto;Rua Isaías Régis de Miranda;HAUER;Unidade Regional Boqueirao;;Telefone;
Solicitação;SECRETARIA DO GOVERNO MUNICIPAL;01/01/2025;Pavimentação;Manutenção;Aberto;Nossa Senhora Aparecida;SEMINARIO;Unidade Regional Portao;;Portal;
Reclamação;SECRETARIA DO GOVERNO MUNICIPAL;01/01/2025;Pavimentação;Fiscalização;Aberto;Rua Petit Carneiro;AGUA VERDE;Unidade Regional Portao;;Telefone;
Solicitação;SECRETARIA DO GOVERNO MUNICIPAL;01/01/2025;Drenagem;Limpeza e desobstrução de caixa de captação;Aberto;Professor Assis Gonçalves;AGUA VERDE;Unidade Regional Portao;;Portal;
Solicitação;SECRETARIA DO GOVERNO MUNICIPAL;01/01/2025;Drenagem;Limpeza e desobstrução de caixa de captação;Aberto;Palmeiras;AGUA VERDE;Unidade Regional Portao;;Portal;
Solicitação;SECRETARIA DO GOVERNO MUNICIPAL;01/01/2025;Drenagem;Limpeza e desobstrução de caixa de captação;Aberto;Professor Luiz César;AGUA VERDE;Unidade Regional Portao;;Portal;
Solicitação;SECRETARIA DO GOVERNO MUNICIPAL;01/01/2025;Drenagem;Reposição de tampa/ralo/grelha de caixa de captação;Aberto;RUA SEBASTIÃO MARCOS LUIZ;CAJURU;Unidade Regional Cajuru;;Telefone;
Solicitação;SECRETARIA DO GOVERNO MUNICIPAL;01/01/2025;Pavimentação;Manutenção;Aberto;Marginal Avenida Linha Verde;TARUMA;Unidade Regional Cajuru;;Mobile;
Solicitação;SECRETARIA DO GOVERNO MUNICIPAL;01/01/2025;Pavimentação;Manutenção;Aberto;Bacupari;UBERABA;Unidade Regional Cajuru;;Portal;
Solicitação;SECRETARIA DO GOVERNO MUNICIPAL;01/01/2025;Pavimentação;Revitalização;Aberto;RUA ALÍPIO SCHAMNE;UBERABA;Unidade Regional Cajuru;;Telefone;
Solicitação;SECRETARIA DO GOVERNO MUNICIPAL;01/01/2025;Pavimentação;Revitalização;Aberto;Alberto Heyn;UBERABA;Unidade Regional Cajuru;;Portal;
Solicitação;SECRETARIA DO GOVERNO MUNICIPAL;01/01/2025;Drenagem;Limpeza e desobstrução de caixa de captação;Aberto;Rua Sérgio Mercer;SITIO CERCADO;Unidade Regional Bairro Novo;;Mobile;
Solicitação;SECRETARIA DO GOVERNO MUNICIPAL;01/01/2025;Drenagem;Limpeza e desobstrução de caixa de captação;Aberto;Paulo Gorski;MOSSUNGUE;Unidade Regional Santa Felicidade;;Portal;
Solicitação;SECRETARIA DO GOVERNO MUNICIPAL;01/01/2025;Pavimentação;Manutenção;Aberto;Paulo Gorski;MOSSUNGUE;Unidade Regional Santa Felicidade;;Portal;
Solicitação;SECRETARIA DO GOVERNO MUNICIPAL;01/01/2025;Pavimentação;Manutenção;Aberto;Paulo Gorski;MOSSUNGUE;Unidade Regional Santa Felicidade;;Portal;
Solicitação;SECRETARIA DO GOVERNO MUNICIPAL;01/01/2025;Pavimentação;Manutenção;Aberto;Paulo Gorski;MOSSUNGUE;Unidade Regional Santa Felicidade;;Portal;
Solicitação;SECRETARIA DO GOVERNO MUNICIPAL;01/01/2025;Drenagem;Limpeza e desobstrução de caixa de captação;Aberto;Rodovia Régis Bittencourt;FANNY;Unidade Regional Pinheirinho;;Mobile;
Solicitação;SECRETARIA DO GOVERNO MUNICIPAL;01/01/2025;Limpeza;Roçada em equipamento público;Aberto;Rua Izaac Ferreira da Cruz;PINHEIRINHO;Unidade Regional Pinheirinho;;Telefone;
Solicitação;SECRETARIA DO GOVERNO MUNICIPAL;01/01/2025;Drenagem;Erosão em galeria de águas pluviais;Aberto;Rua Ernesto Biscardi;CAPAO RASO;Unidade Regional Pinheirinho;;Mobile;
Solicitação;SECRETARIA DO GOVERNO MUNICIPAL;01/01/2025;Drenagem;Limpeza de tubulação;Aberto;Rua Bronislau Lupinski;SANTA CANDIDA;Unidade Regional Boa Vista;;Mobile;
Solicitação;SECRETARIA DO GOVERNO MUNICIPAL;01/01/2025;Pavimentação;Manutenção;Aberto;Rua Jurandir Antônio Loro;BACACHERI;Unidade Regional Boa Vista;;Mobile;
Solicitação;SECRETARIA DO GOVERNO MUNICIPAL;01/01/2025;Passeio;Recuperação de calçada;Aberto;RUA CORONEL ARY PINHO;BOA VISTA;Unidade Regional Boa Vista;;Telefone;
Solicitação;SECRETARIA DO GOVERNO MUNICIPAL;01/01/2025;Pavimentação;Revitalização;Aberto;Rua Manoel de Souza Dias Negrão;BOA VISTA;Unidade Regional Boa Vista;;Mobile;
Solicitação;SECRETARIA DO GOVERNO MUNICIPAL;01/01/2025;Pavimentação;Revitalização;Aberto;Rua Doutor Satilas do Amaral Camargo;TINGUI;Unidade Regional Boa Vista;;Mobile;
Solicitação;SECRETARIA DO GOVERNO MUNICIPAL;01/01/2025;Pavimentação;Revitalização;Aberto;Rua Clara Nunes;SANTA CANDIDA;Unidade Regional Boa Vista;;Mobile;
Solicitação;SECRETARIA DO GOVERNO MUNICIPAL;01/01/2025;Pavimentação;Manutenção;Aberto;Rua Coronel Dulcídio;BATEL;Unidade Regional Matriz;;Mobile;
Solicitação;SECRETARIA DO GOVERNO MUNICIPAL;01/01/2025;Pavimentação;Manutenção;Aberto;Praca Nossa Senhora Das Gracas;MERCES;Unidade Regional Matriz;;Mobile;
Solicitação;SECRETARIA DO GOVERNO MUNICIPAL;01/01/2025;Pavimentação;Manutenção;Aberto;Coronel Joaquim Ignácio Taborda Ribas;BIGORRILHO;Unidade Regional Matriz;;Portal;
Solicitação;SECRETARIA DO GOVERNO MUNICIPAL;01/01/2025;Drenagem;Limpeza e desobstrução de caixa de captação;Aberto;Rua Desembargador Luiz Antônio Pires de Carvalho e Albuquerque;TATUQUARA;Unidade Regional Tatuquara;;Telefone;
Reclamação;SECRETARIA DO GOVERNO MUNICIPAL;01/01/2025;Pavimentação;Manutenção;Aberto;Delegado Bruno de Almeida;TATUQUARA;Unidade Regional Tatuquara;;Portal;
Solicitação;SECRETARIA DO GOVERNO MUNICIPAL;01/01/2025;Drenagem;Reposição de tampa/ralo/grelha de caixa de captação;Aberto;RUA POETA BERNARDO GUIMARÃES;TATUQUARA;Unidade Regional Tatuquara;;Mobile;
Solicitação;SECRETARIA MUNICIPAL DE OBRAS PÚBLICAS;01/01/2025;Drenagem;Reposição de tampa/ralo/grelha de caixa de captação;Aberto;Rua General Mário Tourinho;BIGORRILHO;Unidade Regional Matriz;;Mobile;
Solicitação;SECRETARIA MUNICIPAL DA SAÚDE;01/01/2025;Posto de saúde;Agendamento de Consulta Especializada / SADT;Aberto;RUA CELESTE TORTATO GABARDO;SITIO CERCADO;Unidade Regional Bairro Novo;;Chat;
Solicitação;SECRETARIA MUNICIPAL DA SAÚDE;01/01/2025;Vigilância em saúde ambiental;Inspeção/Orientação - Mosquito da dengue;Aberto;Rua Nova Aurora;SITIO CERCADO;Unidade Regional Bairro Novo;;Mobile;
Solicitação;SECRETARIA MUNICIPAL DA SAÚDE;01/01/2025;Vigilância em saúde ambiental;Inspeção/Orientação - Mosquito da dengue;Aberto;Rua Filósofo Huberto Rohden;SITIO CERCADO;Unidade Regional Bairro Novo;;Mobile;
Solicitação;SECRETARIA MUNICIPAL DA SAÚDE;01/01/2025;Vigilância em saúde ambiental;Inspeção/Orientação - Mosquito da dengue;Aberto;Mateus Leme;SAO FRANCISCO;Unidade Regional Matriz;;Portal;
Solicitação;SECRETARIA MUNICIPAL DA SAÚDE;01/01/2025;Vigilância em saúde ambiental;Inspeção/Orientação - Mosquito da dengue;Aberto;Princesa Izabel;SAO FRANCISCO;Unidade Regional Matriz;;Portal;
Solicitação;SECRETARIA MUNICIPAL DA SAÚDE;01/01/2025;Vigilância em saúde ambiental;Inspeção/Orientação - Mosquito da dengue;Aberto;Rua Elías Joaquim;PILARZINHO;Unidade Regional Boa Vista;;Mobile;
Solicitação;SECRETARIA MUNICIPAL DA SAÚDE;01/01/2025;Vigilância em saúde ambiental;Inspeção/Orientação - Mosquito da dengue;Aberto;Pedro Demeterco;JARDIM DAS AMERICAS;Unidade Regional Cajuru;;Portal;
Reclamação;SECRETARIA DO GOVERNO MUNICIPAL;01/01/2025;Prefeito;Reclamações;Aberto;Avenida Jaime Reis;SAO FRANCISCO;Unidade Regional Matriz;;Telefone;
Reclamação;SECRETARIA DO GOVERNO MUNICIPAL;01/01/2025;Prefeito;Reclamações;Aberto;RUA JULIO ZANINELLI;BOM RETIRO;Unidade Regional Matriz;;Telefone;
Solicitação;SECRETARIA MUNICIPAL DO MEIO AMBIENTE;01/01/2025;Poluição;Sonora - Diurna;Aberto;RUA MAJOR SAUL DE CARVALHO CHAVES;SANTA CANDIDA;Unidade Regional Boa Vista;;Telefone;
Solicitação;SECRETARIA MUNICIPAL DO MEIO AMBIENTE;01/01/2025;Poluição;Sonora - Diurna;Aberto;RUA DOUTOR IVO RECK;PILARZINHO;Unidade Regional Boa Vista;;Telefone;
Solicitação;SECRETARIA MUNICIPAL DO MEIO AMBIENTE;01/01/2025;Poluição;Sonora - Diurna;Aberto;RUA DOUTOR LAURO NERY CANTO;SEMINARIO;Unidade Regional Portao;;Telefone;
Solicitação;SECRETARIA MUNICIPAL DO MEIO AMBIENTE;01/01/2025;Árvore;Corte irregular - Desmate;Aberto;Avenida Nossa Senhora da Luz;JARDIM SOCIAL;Unidade Regional Matriz;;Chat;
Solicitação;SECRETARIA MUNICIPAL DA SAÚDE;01/01/2025;Outros setores SMS;Transporte Sanitário;Aberto;RUA FRANCISCO TORRES;CENTRO;Unidade Regional Matriz;;Telefone;
Solicitação;SECRETARIA MUNICIPAL DO MEIO AMBIENTE;01/01/2025;Animais domésticos;Cães e gatos acidentados em vias e logradouros públicos;Aberto;Rua Major Virgolino Esmanhotto;VISTA ALEGRE;Unidade Regional Santa Felicidade;;Telefone;
Solicitação;SECRETARIA MUNICIPAL DO MEIO AMBIENTE;01/01/2025;Animais;Abelhas;Aberto;Rua José Cadilhe;AGUA VERDE;Unidade Regional Portao;;Telefone;
Denúncia;SECRETARIA MUNICIPAL DO MEIO AMBIENTE;01/01/2025;Animais;Cães bravos ou avançando em via pública - Fiscalização;Aberto;André Ferreira Barbosa;CAPAO RASO;Unidade Regional Pinheirinho;;Portal;
Solicitação;SECRETARIA MUNICIPAL DO MEIO AMBIENTE;01/01/2025;Animais;Cães bravos ou avançando em via pública - Fiscalização;Aberto;Rua Ourizona;SITIO CERCADO;Unidade Regional Bairro Novo;;Telefone;
Solicitação;SECRETARIA MUNICIPAL DO MEIO AMBIENTE;01/01/2025;Animais;Maus tratos - Animais domésticos;Aberto;RUA FLÁVIO RIBEIRO;PORTAO;Unidade Regional Portao;;Telefone;
Solicitação;SECRETARIA MUNICIPAL DO MEIO AMBIENTE;01/01/2025;Animais;Maus tratos - Animais domésticos;Aberto;Waldemar Loureiro Campos;BOQUEIRAO;Unidade Regional Boqueirao;;Portal;
Solicitação;SECRETARIA MUNICIPAL DO MEIO AMBIENTE;01/01/2025;Animais;Maus tratos - Animais domésticos;Aberto; NOSSA SENHORA DE NAZARÉ;BOA VISTA;Unidade Regional Boa Vista;;Telefone;
Solicitação;SECRETARIA MUNICIPAL DO MEIO AMBIENTE;01/01/2025;Animais;Maus tratos - Animais domésticos;Aberto;RUA PARAÍBA;GUAIRA;Unidade Regional Portao;;Telefone;
Denúncia;SECRETARIA MUNICIPAL DO MEIO AMBIENTE;01/01/2025;Animais;Maus tratos - Animais domésticos;Aberto;Guarapuava;ATUBA;Unidade Regional Boa Vista;;Portal;
Denúncia;SECRETARIA MUNICIPAL DO MEIO AMBIENTE;01/01/2025;Animais;Maus tratos - Animais domésticos;Aberto;Engenheiro Lourival Maciel;MOSSUNGUE;Unidade Regional Santa Felicidade;;Portal;
Solicitação;SECRETARIA MUNICIPAL DO MEIO AMBIENTE;01/01/2025;Animais;Maus tratos - Animais domésticos;Aberto;Elias Moyses Schelela;UBERABA;Unidade Regional Cajuru;;Portal;
Solicitação;SECRETARIA MUNICIPAL DO MEIO AMBIENTE;01/01/2025;Animais;Maus tratos - Animais domésticos;Aberto;RUA JOÃO PEREIRA DA SILVA;PILARZINHO;Unidade Regional Boa Vista;;Telefone;
Solicitação;SECRETARIA MUNICIPAL DO MEIO AMBIENTE;01/01/2025;Animais;Maus tratos - Animais domésticos;Aberto;RUA OLIVEIRA VIANA;HAUER;Unidade Regional Boqueirao;;Telefone;
Solicitação;SECRETARIA MUNICIPAL DO MEIO AMBIENTE;01/01/2025;Animais;Maus tratos - Animais domésticos;Aberto;RUA ISAÍAS RÉGIS DE MIRANDA;HAUER;Unidade Regional Boqueirao;;Telefone;
Solicitação;SECRETARIA MUNICIPAL DO MEIO AMBIENTE;01/01/2025;Animais;Maus tratos - Animais domésticos;Aberto;RUA JOSÉ CASTORINO MACHADO;CIDADE INDUSTRIAL;Unidade Regional CIC;;Telefone;
Solicitação;SECRETARIA MUNICIPAL DO MEIO AMBIENTE;01/01/2025;Animais;Maus tratos - Animais domésticos;Aberto;RUA ESTADOS UNIDOS;BACACHERI;Unidade Regional Boa Vista;;Telefone;
Solicitação;SECRETARIA MUNICIPAL DO MEIO AMBIENTE;01/01/2025;Animais;Maus tratos - Animais domésticos;Aberto;rubens stresser;GANCHINHO;Unidade Regional Bairro Novo;;Telefone;
Reclamação;SECRETARIA MUNICIPAL DA SAÚDE;01/01/2025;Unidade de saúde 24h;Demora no atendimento;Aberto;AVENIDA PARANÁ;BACACHERI;Unidade Regional Boa Vista;;Telefone;
Reclamação;SECRETARIA MUNICIPAL DA SAÚDE;01/01/2025;Unidade de saúde 24h;Fluxo de atendimento;Aberto;RUA LEON NICOLAS;CAPAO RASO;Unidade Regional Pinheirinho;;Telefone;
Reclamação;SECRETARIA MUNICIPAL DA SAÚDE;01/01/2025;Unidade de saúde 24h;Recursos humanos - atendimento profissional;Aberto;RUA DOUTOR LEVY BUQUERA;SITIO CERCADO;Unidade Regional Bairro Novo;;Telefone;
Solicitação;URBANIZAÇÃO DE CURITIBA;01/01/2025;Ponto de táxi;Redução;Aberto;RUA DESEMBARGADOR MOTTA;AGUA VERDE;Unidade Regional Portao;;Telefone;
Solicitação;SECRETARIA MUNICIPAL DE TRÂNSITO;01/01/2025;Sinalização vertical;Placas indicativas de bairros;Aberto;RUA MARECHAL DEODORO;ALTO DA RUA XV;Unidade Regional Matriz;;Telefone;
Solicitação;SECRETARIA MUNICIPAL DE TRÂNSITO;01/01/2025;Lombada física;Implantação;Aberto;Rua Tenente Francisco Ferreira de Souza;BOQUEIRAO;Unidade Regional Boqueirao;;Mobile;
Solicitação;SECRETARIA MUNICIPAL DE TRÂNSITO;01/01/2025;Fiscalização;Cabos danificados;Aberto;Vinte e Quatro de Maio;CENTRO;Unidade Regional Matriz;;Portal;
Solicitação;SECRETARIA MUNICIPAL DE TRÂNSITO;01/01/2025;Fiscalização;Cabos danificados;Aberto;Presidente Kennedy;PAROLIN;Unidade Regional Portao;;Portal;
Solicitação;SECRETARIA MUNICIPAL DE TRÂNSITO;01/01/2025;Fiscalização;Cabos danificados;Aberto;Nossa Senhora Aparecida;SEMINARIO;Unidade Regional Portao;;Portal;
Solicitação;SECRETARIA MUNICIPAL DE TRÂNSITO;01/01/2025;Fiscalização;Cabos danificados;Aberto;Nossa Senhora Aparecida;SEMINARIO;Unidade Regional Portao;;Portal;
Solicitação;URBANIZAÇÃO DE CURITIBA;01/01/2025;Internet;Bilhetagem eletrônica - Atualização de cadastro;Aberto;Rua Humberto Zanato;PINHEIRINHO;Unidade Regional Pinheirinho;;Telefone;
Solicitação;SECRETARIA MUNICIPAL DE ADMINISTRAÇÃO E GESTÃO DE PESSOAL;01/01/2025;e-Cidadão;Minha conta;Aberto;Rua Professor Guilherme Butler;BARREIRINHA;Unidade Regional Boa Vista;;Chat;
Solicitação;SECRETARIA MUNICIPAL DO URBANISMO;01/01/2025;Fiscalização de terrenos baldios ou edificados;Limpeza – dengue;Aberto;Rua Padre Dehon;BOQUEIRAO;Unidade Regional Boqueirao;;Mobile;
Solicitação;SECRETARIA MUNICIPAL DO URBANISMO;01/01/2025;Fiscalização de terrenos baldios ou edificados;Limpeza – dengue;Aberto;Rua Eugênio José de Souza;AGUA VERDE;Unidade Regional Portao;;Mobile;
Solicitação;SECRETARIA MUNICIPAL DO URBANISMO;01/01/2025;Fiscalização de terrenos baldios ou edificados;Limpeza;Aberto;Rua Marumby;CAMPO COMPRIDO;Unidade Regional Portao;;Mobile;
Solicitação;SECRETARIA MUNICIPAL DO URBANISMO;01/01/2025;Fiscalização de terrenos baldios ou edificados;Limpeza;Aberto;Rua João Alencar Guimarães;SANTA QUITERIA;Unidade Regional Portao;;Mobile;
Solicitação;SECRETARIA MUNICIPAL DO URBANISMO;01/01/2025;Fiscalização de terrenos baldios ou edificados;Limpeza;Aberto;Rua Sezinando Martinho da Cruz;FAZENDINHA;Unidade Regional Portao;;Mobile;
Solicitação;SECRETARIA MUNICIPAL DO URBANISMO;01/01/2025;Fiscalização de terrenos baldios ou edificados;Limpeza;Aberto;Nossa Senhora Aparecida;SEMINARIO;Unidade Regional Portao;;Portal;
Solicitação;SECRETARIA MUNICIPAL DO URBANISMO;01/01/2025;Fiscalização de terrenos baldios ou edificados;Limpeza;Aberto;Rua Padre Giácomo Cusmano;CAMPINA DO SIQUEIRA;Unidade Regional Santa Felicidade;;Mobile;
Solicitação;SECRETARIA MUNICIPAL DO URBANISMO;01/01/2025;Passeio;Fiscalização de construção/reconstrução de passeio;Aberto;Paulo Gorski;MOSSUNGUE;Unidade Regional Santa Felicidade;;Portal;
Solicitação;SECRETARIA MUNICIPAL DO URBANISMO;01/01/2025;Passeio;Obstrução do passeio;Aberto;Vereador Toaldo Túlio;SANTA FELICIDADE;Unidade Regional Santa Felicidade;;Portal;
Solicitação;SECRETARIA MUNICIPAL DO URBANISMO;01/01/2025;Fiscalização de terrenos baldios ou edificados;Limpeza;Aberto;Rua Jornalista Emílio Zolá Florenzano;TATUQUARA;Unidade Regional Tatuquara;;Mobile;
Solicitação;SECRETARIA MUNICIPAL DO URBANISMO;01/01/2025;Fiscalização de terrenos baldios ou edificados;Limpeza;Aberto;Rua Jorn Emilio Z Florenzano;TATUQUARA;Unidade Regional Tatuquara;;Mobile;
Solicitação;SECRETARIA MUNICIPAL DO URBANISMO;01/01/2025;Fiscalização de obras;Alvará de construção;Aberto;Rua José Clementino Bettega;CAPAO RASO;Unidade Regional Pinheirinho;;Mobile;
Denúncia;SECRETARIA MUNICIPAL DO URBANISMO;01/01/2025;Fiscalização de terrenos baldios ou edificados;Limpeza – dengue;Aberto;Waldemiro Ry;NOVO MUNDO;Unidade Regional Pinheirinho;;Portal;
Solicitação;SECRETARIA MUNICIPAL DO URBANISMO;01/01/2025;Fiscalização de terrenos baldios ou edificados;Limpeza;Aberto;Rua José Rodrigues Pinheiro;CAPAO RASO;Unidade Regional Pinheirinho;;Mobile;
Solicitação;SECRETARIA MUNICIPAL DO URBANISMO;01/01/2025;Fiscalização de terrenos baldios ou edificados;Limpeza;Aberto;Rua José Clementino Bettega;CAPAO RASO;Unidade Regional Pinheirinho;;Mobile;
Solicitação;SECRETARIA MUNICIPAL DO URBANISMO;01/01/2025;Fiscalização de terrenos baldios ou edificados;Limpeza;Aberto;Rua Augusto Hauer;PILARZINHO;Unidade Regional Boa Vista;;Mobile;
Solicitação;SECRETARIA MUNICIPAL DO URBANISMO;01/01/2025;Fiscalização de terrenos baldios ou edificados;Limpeza;Aberto;RUA JOÃO PEREIRA DA SILVA;PILARZINHO;Unidade Regional Boa Vista;;Telefone;
Solicitação;SECRETARIA MUNICIPAL DO URBANISMO;01/01/2025;Fiscalização de terrenos baldios ou edificados;Limpeza;Aberto;Rua Mariano Alves do Nascimento;TINGUI;Unidade Regional Boa Vista;;Mobile;
Solicitação;SECRETARIA MUNICIPAL DO URBANISMO;01/01/2025;Fiscalização de terrenos baldios ou edificados;Limpeza;Aberto;Rua Mariano Alves do Nascimento;TINGUI;Unidade Regional Boa Vista;;Mobile;
Solicitação;SECRETARIA MUNICIPAL DO URBANISMO;01/01/2025;Fiscalização de terrenos baldios ou edificados;Limpeza;Aberto;RUA CORONEL ARY PINHO;BOA VISTA;Unidade Regional Boa Vista;;Telefone;
Solicitação;SECRETARIA MUNICIPAL DO URBANISMO;01/01/2025;Passeio;Obstrução do passeio;Aberto;Rua Elías Joaquim;PILARZINHO;Unidade Regional Boa Vista;;Mobile;
Solicitação;SECRETARIA MUNICIPAL DO URBANISMO;01/01/2025;Passeio;Obstrução do passeio;Aberto;Rio Araguari;BAIRRO ALTO;Unidade Regional Boa Vista;;Portal;
Solicitação;SECRETARIA MUNICIPAL DO URBANISMO;01/01/2025;Passeio;Fiscalização de construção/reconstrução de passeio;Aberto;Rua Mathias Valesco;SANTA CANDIDA;Unidade Regional Boa Vista;;Mobile;
Solicitação;SECRETARIA MUNICIPAL DO URBANISMO;01/01/2025;Passeio;Obstrução do passeio;Aberto;Rua Dalila Lopes Costa;UBERABA;Unidade Regional Cajuru;;Mobile;
Solicitação;SECRETARIA MUNICIPAL DO URBANISMO;01/01/2025;Fiscalização de terrenos baldios ou edificados;Limpeza;Aberto;Rua Reinaldo Rodrigues Lima;CAJURU;Unidade Regional Cajuru;;Mobile;
Solicitação;SECRETARIA MUNICIPAL DO URBANISMO;01/01/2025;Fiscalização de terrenos baldios ou edificados;Limpeza – dengue;Aberto;Governador Agamenon Magalhães;CAPAO DA IMBUIA;Unidade Regional Cajuru;;Mobile;
Solicitação;SECRETARIA MUNICIPAL DO URBANISMO;01/01/2025;Fiscalização de terrenos baldios ou edificados;Limpeza;Aberto;Rua Benedito Guil;CAPAO DA IMBUIA;Unidade Regional Cajuru;;Mobile;
Solicitação;SECRETARIA MUNICIPAL DO MEIO AMBIENTE;01/01/2025;Praças;Conservação;Aberto;Rua Izaac Ferreira da Cruz;PINHEIRINHO;Unidade Regional Pinheirinho;;Telefone;
Solicitação;SECRETARIA MUNICIPAL DO MEIO AMBIENTE;01/01/2025;Praças;Conservação;Aberto;RUA LOTHARIO BOUTIN;PINHEIRINHO;Unidade Regional Pinheirinho;;Telefone;
Solicitação;SECRETARIA MUNICIPAL DO MEIO AMBIENTE;01/01/2025;Parques;Conservação;Aberto;PARQUE BARIGUI;SANTO INACIO;Unidade Regional Santa Felicidade;;Telefone;
Solicitação;SECRETARIA MUNICIPAL DO MEIO AMBIENTE;01/01/2025;Parques;Conservação;Aberto;PARQUE BARIGUI;SANTO INACIO;Unidade Regional Santa Felicidade;;Telefone;
Solicitação;SECRETARIA MUNICIPAL DO URBANISMO;01/01/2025;Fiscalização do comércio ambulante;Comércio de produtos não licenciados em via pública;Aberto;RUA PINTOR RICARDO KRIEGER;ATUBA;Unidade Regional Boa Vista;;Telefone;
Solicitação;SECRETARIA MUNICIPAL DO URBANISMO;01/01/2025;Fiscalização de terrenos baldios ou edificados;Limpeza;Aberto;Maria Rosa - Guerreira Do Contestado;HUGO LANGE;Unidade Regional Matriz;;Mobile;
Solicitação;SECRETARIA MUNICIPAL DO URBANISMO;01/01/2025;Fiscalização de terrenos baldios ou edificados;Limpeza;Aberto;Rua Prefeito Ângelo Lopes;HUGO LANGE;Unidade Regional Matriz;;Mobile;
Reclamação;SECRETARIA MUNICIPAL DO MEIO AMBIENTE;01/01/2025;Poluição;Sonora - Diurna;Aberto;Professor Zildo Manoel da Cruz;PORTAO;Unidade Regional Portao;;Portal;
Solicitação;SECRETARIA MUNICIPAL DO MEIO AMBIENTE;01/01/2025;Poluição;Atmosférica;Aberto;RUA ITACOLOMI;PORTAO;Unidade Regional Portao;;Telefone;
Solicitação;SECRETARIA MUNICIPAL DO MEIO AMBIENTE;01/01/2025;Poluição;Atmosférica;Aberto;RUA ELZA NOGAROLI DE SOUZA;CIDADE INDUSTRIAL;Unidade Regional CIC;;Telefone;
Solicitação;SECRETARIA MUNICIPAL DO MEIO AMBIENTE;01/01/2025;Poluição;Sonora - Noturna;Aberto;RUA JORGE DANIEL CORDEIRO;XAXIM;Unidade Regional Boqueirao;;Telefone;
Solicitação;SECRETARIA MUNICIPAL DO MEIO AMBIENTE;01/01/2025;Poluição;Sonora - Noturna;Aberto;RUA JOÃO BIENTINEZ;CAPAO DA IMBUIA;Unidade Regional Cajuru;;Telefone;
Solicitação;SECRETARIA MUNICIPAL DO MEIO AMBIENTE;01/01/2025;Poluição;Sonora - Noturna;Aberto;AVENIDA COMENDADOR FRANCO;UBERABA;Unidade Regional Cajuru;;Telefone;
Solicitação;SECRETARIA MUNICIPAL DO MEIO AMBIENTE;01/01/2025;Poluição;Sonora - Noturna;Aberto;Rua José Risseto;SANTA FELICIDADE;Unidade Regional Santa Felicidade;;Telefone;
Denúncia;SECRETARIA MUNICIPAL DO MEIO AMBIENTE;01/01/2025;Poluição;Sonora - Noturna;Aberto;Desembargador Motta;AGUA VERDE;Unidade Regional Portao;;Portal;
Solicitação;SECRETARIA MUNICIPAL DO MEIO AMBIENTE;01/01/2025;Poluição;Sonora - Noturna;Aberto;RUA ANDRÉ KLUG;BARREIRINHA;Unidade Regional Boa Vista;;Telefone;
Solicitação;SECRETARIA MUNICIPAL DO MEIO AMBIENTE;01/01/2025;Poluição;Sonora - Noturna;Aberto;RUA CAPITÃO QAO MILTON STRICKER;CAMPO DE SANTANA;Unidade Regional Tatuquara;;Telefone;
Solicitação;SECRETARIA MUNICIPAL DO MEIO AMBIENTE;01/01/2025;Poluição;Sonora - Noturna;Aberto;Rua Martim Afonso;BIGORRILHO;Unidade Regional Matriz;;Chat;
Solicitação;SECRETARIA MUNICIPAL DO MEIO AMBIENTE;01/01/2025;Poluição;Sonora - Noturna;Aberto;RUA ANTÔNIO ESCORSIN;SAO BRAZ;Unidade Regional Santa Felicidade;;Telefone;
Solicitação;SECRETARIA MUNICIPAL DO MEIO AMBIENTE;01/01/2025;Poluição;Sonora - Noturna;Aberto;RUA COSTA RICA;BACACHERI;Unidade Regional Boa Vista;;Telefone;
Reclamação;SECRETARIA MUNICIPAL DO MEIO AMBIENTE;01/01/2025;Poluição;Sonora - Noturna;Aberto;Jaime Reis;SAO FRANCISCO;Unidade Regional Matriz;;Portal;
Denúncia;SECRETARIA MUNICIPAL DO MEIO AMBIENTE;01/01/2025;Poluição;Sonora - Noturna;Aberto;Desembargador Motta;AGUA VERDE;Unidade Regional Portao;;Portal;
Solicitação;SECRETARIA MUNICIPAL DO MEIO AMBIENTE;01/01/2025;Poluição;Sonora - Noturna;Aberto;RUA DOUTOR JOÃO DE PAULA MOURA BRITO;UBERABA;Unidade Regional Cajuru;;Telefone;
Solicitação;SECRETARIA MUNICIPAL DO MEIO AMBIENTE;01/01/2025;Poluição;Sonora - Noturna;Aberto;RUA GERÔNIMO MURARO;SANTA FELICIDADE;Unidade Regional Santa Felicidade;;Telefone;
Solicitação;SECRETARIA MUNICIPAL DO MEIO AMBIENTE;01/01/2025;Poluição;Sonora - Noturna;Aberto;AVENIDA PREFEITO MAURÍCIO FRUET;CAJURU;Unidade Regional Cajuru;;Telefone;
Solicitação;SECRETARIA MUNICIPAL DO MEIO AMBIENTE;01/01/2025;Poluição;Sonora - Noturna;Aberto;RUA JOSE WOSCH SOBRINHO;TINGUI;Unidade Regional Boa Vista;;Telefone;
Solicitação;SECRETARIA MUNICIPAL DO MEIO AMBIENTE;01/01/2025;Poluição;Sonora - Noturna;Aberto;RUA ERNESTO EDMUNDO WEIGERT;BACACHERI;Unidade Regional Boa Vista;;Telefone;
Solicitação;SECRETARIA MUNICIPAL DA DEFESA SOCIAL E TRÂNSITO;01/01/2025;Proteção ao cidadão - GM;Solicitação de maior segurança;Aberto;RUA MERCURIO;SITIO CERCADO;Unidade Regional Bairro Novo;;Telefone;
Solicitação;SECRETARIA MUNICIPAL DO URBANISMO;01/01/2025;Fiscalização de obras;Alvará de construção;Aberto;Camões;CRISTO REI;Unidade Regional Matriz;;Portal;
Reclamação;SECRETARIA MUNICIPAL DA SAÚDE;01/01/2025;Posto de saúde;Agendamento de Consulta Especializada / SADT;Aberto;RUA BOCAIUVA;SANTA QUITERIA;Unidade Regional Portao;;Telefone;
Solicitação;SECRETARIA MUNICIPAL DA SAÚDE;01/01/2025;Vigilância em saúde ambiental;Inspeção/Orientação - Mosquito da dengue;Aberto;Rua Palmeiras;AGUA VERDE;Unidade Regional Portao;;Mobile;
Solicitação;SECRETARIA MUNICIPAL DA SAÚDE;01/01/2025;Vigilância em saúde ambiental;Inspeção/Orientação - Mosquito da dengue;Aberto;Rua Alcebíades Plaisant;AGUA VERDE;Unidade Regional Portao;;Mobile;
Solicitação;SECRETARIA MUNICIPAL DA SAÚDE;01/01/2025;Vigilância em saúde ambiental;Inspeção/Orientação - Mosquito da dengue;Aberto;RUA ISAÍAS RÉGIS DE MIRANDA;HAUER;Unidade Regional Boqueirao;;Telefone;
Solicitação;SECRETARIA MUNICIPAL DA SAÚDE;01/01/2025;Fauna sinantrópica;Morcegos;Aberto;Rua Arcésio Correia Lima;ATUBA;Unidade Regional Boa Vista;;Chat;
Solicitação;SECRETARIA MUNICIPAL DA SAÚDE;01/01/2025;Fauna sinantrópica;Morcegos;Aberto;Avenida Marechal Floriano Peixoto;REBOUCAS;Unidade Regional Matriz;;Telefone;
Solicitação;SECRETARIA MUNICIPAL DA SAÚDE;01/01/2025;Fauna sinantrópica;Risco para Leptospirose/ Roedores em bueiro;Aberto;Rua Oswaldo Francisco Goelzer;UBERABA;Unidade Regional Cajuru;;Telefone;
Solicitação;SECRETARIA MUNICIPAL DA SAÚDE;01/01/2025;Fauna sinantrópica;Risco para Leptospirose/ Roedores em bueiro;Aberto;RUA CALIXTO DE JESUS;TINGUI;Unidade Regional Boa Vista;;Telefone;
Solicitação;SECRETARIA MUNICIPAL DO MEIO AMBIENTE;01/01/2025;Fiscalização de saneamento;Vazamento de esgoto;Aberto;AVENIDA VISCONDE DE GUARAPUAVA;ALTO DA RUA XV;Unidade Regional Matriz;;Telefone;
Solicitação;SECRETARIA MUNICIPAL DO MEIO AMBIENTE;01/01/2025;Fiscalização de saneamento;Vazamento de esgoto;Aberto;RUA DOUTOR PEDROSA;CENTRO;Unidade Regional Matriz;;Telefone;
Solicitação;URBANIZAÇÃO DE CURITIBA;01/01/2025;Cartão transporte;Cartão débito/crédito;Aberto;Guglielmo Marconi;BAIRRO ALTO;Unidade Regional Boa Vista;;Portal;
Solicitação;URBANIZAÇÃO DE CURITIBA;01/01/2025;Cartão transporte;Geral;Aberto;Rua Vergílio Avanci;TATUQUARA;Unidade Regional Tatuquara;;Chat;
Reclamação;URBANIZAÇÃO DE CURITIBA;01/01/2025;Motoristas de ônibus;Adiantar ou atrasar horário durante a operação;Aberto;RUA OSIRES PAIXÃO GONÇALVES;SANTA FELICIDADE;Unidade Regional Santa Felicidade;;Telefone;
Reclamação;URBANIZAÇÃO DE CURITIBA;01/01/2025;Motoristas de ônibus;Adiantar ou atrasar horário durante a operação;Aberto;PRAÇA TIRADENTES;CENTRO;Unidade Regional Matriz;;Telefone;
Solicitação;SECRETARIA MUNICIPAL DE TRÂNSITO;01/01/2025;Trânsito;Fiscalização de estacionamento irregular;Respondido;Rua Maurício Thá;UBERABA;Unidade Regional Cajuru;01/01/2025;Mobile;
Solicitação;SECRETARIA MUNICIPAL DE TRÂNSITO;01/01/2025;Trânsito;Fiscalização de estacionamento irregular;Respondido;Isaac Guelmann;NOVO MUNDO;Unidade Regional Pinheirinho;01/01/2025;Portal;
Solicitação;SECRETARIA MUNICIPAL DE TRÂNSITO;01/01/2025;Trânsito;Fiscalização de estacionamento irregular;Respondido;Presidente Wenceslau Braz;PAROLIN;Unidade Regional Portao;01/01/2025;Portal;
Solicitação;SECRETARIA MUNICIPAL DE TRÂNSITO;01/01/2025;Trânsito;Fiscalização de estacionamento irregular;Respondido;João Bonat;NOVO MUNDO;Unidade Regional Pinheirinho;01/01/2025;Portal;
Solicitação;SECRETARIA MUNICIPAL DE TRÂNSITO;01/01/2025;Trânsito;Fiscalização de estacionamento irregular;Respondido;Marginal Avenida Linha Verde;CAPAO DA IMBUIA;Unidade Regional Cajuru;01/01/2025;Mobile;
Solicitação;SECRETARIA MUNICIPAL DE TRÂNSITO;01/01/2025;Trânsito;Fiscalização de estacionamento irregular;Respondido;Rua Caja Manga;UBERABA;Unidade Regional Cajuru;01/01/2025;Mobile;
Solicitação;SECRETARIA MUNICIPAL DE TRÂNSITO;01/01/2025;Trânsito;Fiscalização de estacionamento irregular;Aberto;Rua Dr Leonidas Do A Ferreira;CRISTO REI;Unidade Regional Matriz;;Mobile;
Solicitação;SECRETARIA MUNICIPAL DE TRÂNSITO;01/01/2025;Trânsito;Fiscalização de estacionamento irregular;Respondido;RUA DOUTOR ALUÍZIO FRANÇA;BIGORRILHO;Unidade Regional Matriz;01/01/2025;Telefone;
Solicitação;SECRETARIA MUNICIPAL DE TRÂNSITO;01/01/2025;Trânsito;Fiscalização de estacionamento irregular;Concluído;Doutor Carlos de Carvalho;CENTRO;Unidade Regional Matriz;01/01/2025;Mobile;
Solicitação;SECRETARIA MUNICIPAL DE TRÂNSITO;01/01/2025;Trânsito;Fiscalização de estacionamento irregular;Concluído;Vicente Machado;CENTRO;Unidade Regional Matriz;01/01/2025;Mobile;
Solicitação;SECRETARIA MUNICIPAL DE TRÂNSITO;01/01/2025;Trânsito;Fiscalização de estacionamento irregular;Concluído;Bispo Dom Jose;BATEL;Unidade Regional Matriz;01/01/2025;Mobile;
Solicitação;SECRETARIA MUNICIPAL DE TRÂNSITO;01/01/2025;Trânsito;Fiscalização de estacionamento irregular;Respondido;RUA ROSA NEUMANN;CAMPINA DO SIQUEIRA;Unidade Regional Santa Felicidade;01/01/2025;Telefone;
Solicitação;SECRETARIA MUNICIPAL DE TRÂNSITO;01/01/2025;Trânsito;Fiscalização de estacionamento irregular;Aberto;Rua Clóvis Beviláqua;CABRAL;Unidade Regional Matriz;;Telefone;
Solicitação;SECRETARIA MUNICIPAL DE TRÂNSITO;01/01/2025;Trânsito;Fiscalização de estacionamento irregular;Respondido;RUA FREI EURICO DE MELLO;CIDADE INDUSTRIAL;Unidade Regional CIC;01/01/2025;Telefone;
Solicitação;SECRETARIA MUNICIPAL DE TRÂNSITO;01/01/2025;Trânsito;Fiscalização de estacionamento irregular;Respondido;Rua Dante Luiz Júnior;CAPAO RASO;Unidade Regional Pinheirinho;01/01/2025;Mobile;
Solicitação;SECRETARIA MUNICIPAL DE TRÂNSITO;01/01/2025;Trânsito;Fiscalização de estacionamento irregular;Respondido;Travessa João Turin;AGUA VERDE;Unidade Regional Portao;01/01/2025;Mobile;
Solicitação;SECRETARIA MUNICIPAL DE TRÂNSITO;01/01/2025;Trânsito;Fiscalização de estacionamento irregular;Respondido;Rua Rodolpho Senff Júnior;CAPAO RASO;Unidade Regional Pinheirinho;01/01/2025;Mobile;
Solicitação;SECRETARIA MUNICIPAL DE TRÂNSITO;01/01/2025;Trânsito;Fiscalização de estacionamento irregular;Respondido;Rua Professor Luiz Anibal Calderari;CAPAO RASO;Unidade Regional Pinheirinho;01/01/2025;Mobile;
Solicitação;SECRETARIA MUNICIPAL DE TRÂNSITO;01/01/2025;Trânsito;Fiscalização de estacionamento irregular;Respondido;Rua Professor Luiz Anibal Calderari;CAPAO RASO;Unidade Regional Pinheirinho;01/01/2025;Mobile;
Solicitação;SECRETARIA MUNICIPAL DE TRÂNSITO;01/01/2025;Trânsito;Fiscalização de estacionamento irregular;Respondido;RUA LORICEIA ANTONELLO;CIDADE INDUSTRIAL;Unidade Regional CIC;01/01/2025;Telefone;
Solicitação;SECRETARIA MUNICIPAL DE TRÂNSITO;01/01/2025;Trânsito;Fiscalização de estacionamento irregular;Concluído;Rua da Glória;CENTRO CIVICO;Unidade Regional Matriz;01/01/2025;Mobile;
Solicitação;SECRETARIA MUNICIPAL DE TRÂNSITO;01/01/2025;Trânsito;Fiscalização de estacionamento irregular;Concluído;Avenida Cândido de Abreu;CENTRO CIVICO;Unidade Regional Matriz;01/01/2025;Mobile;
Solicitação;SECRETARIA MUNICIPAL DE TRÂNSITO;01/01/2025;Trânsito;Fiscalização de estacionamento irregular;Concluído;Bruno Filgueira;BIGORRILHO;Unidade Regional Matriz;01/01/2025;Mobile;
Solicitação;SECRETARIA MUNICIPAL DE TRÂNSITO;01/01/2025;Trânsito;Fiscalização de estacionamento irregular;Respondido;AVENIDA PREFEITO ERASTO GAERTNER;BACACHERI;Unidade Regional Boa Vista;01/01/2025;Telefone;
Solicitação;SECRETARIA MUNICIPAL DE TRÂNSITO;01/01/2025;Trânsito;Fiscalização de estacionamento irregular;Respondido;Avenida Cândido de Abreu;CENTRO CIVICO;Unidade Regional Matriz;01/01/2025;Mobile;
Solicitação;SECRETARIA MUNICIPAL DE TRÂNSITO;01/01/2025;Trânsito;Fiscalização de estacionamento irregular;Respondido;RUA DESEMBARGADOR MOTTA;AGUA VERDE;Unidade Regional Portao;01/01/2025;Telefone;
Solicitação;SECRETARIA MUNICIPAL DE TRÂNSITO;01/01/2025;Trânsito;Fiscalização de bloqueio de pista;Aberto;Rua Lamenha Lins;PAROLIN;Unidade Regional Portao;;Mobile;
Solicitação;SECRETARIA MUNICIPAL DE TRÂNSITO;01/01/2025;Trânsito;Fiscalização de bloqueio de pista;Respondido;Rua Maestro Carlos Frank;BOQUEIRAO;Unidade Regional Boqueirao;01/01/2025;Mobile;
Solicitação;SECRETARIA MUNICIPAL DE TRÂNSITO;01/01/2025;Trânsito;Fiscalização imediata;Respondido;RUA MARECHAL DEODORO;ALTO DA RUA XV;Unidade Regional Matriz;01/01/2025;Telefone;
Solicitação;SECRETARIA MUNICIPAL DE TRÂNSITO;01/01/2025;Trânsito;Fiscalização imediata;Respondido;AVENIDA CÂNDIDO HARTMANN;SANTO INACIO;Unidade Regional Santa Felicidade;01/01/2025;Telefone;
Solicitação;SECRETARIA MUNICIPAL DE TRÂNSITO;01/01/2025;Trânsito;Fiscalização imediata;Respondido;PARQUE BARIGUI;SANTO INACIO;Unidade Regional Santa Felicidade;01/01/2025;Telefone;
Solicitação;SECRETARIA MUNICIPAL DE TRÂNSITO;01/01/2025;Trânsito;Veículo abandonado;Aberto;Rua Governador Agamenon Magalhães;CAPAO DA IMBUIA;Unidade Regional Cajuru;;Mobile;
Solicitação;SECRETARIA MUNICIPAL DE TRÂNSITO;01/01/2025;Trânsito;Veículo abandonado;Aberto;Marginal Avenida Linha Verde;CAPAO DA IMBUIA;Unidade Regional Cajuru;;Mobile;
Solicitação;SECRETARIA MUNICIPAL DE TRÂNSITO;01/01/2025;Trânsito;Veículo abandonado;Aberto;Rua Henrique Mehl;UBERABA;Unidade Regional Cajuru;;Mobile;
Solicitação;SECRETARIA MUNICIPAL DE TRÂNSITO;01/01/2025;Trânsito;Veículo abandonado;Aberto;Rua Aviador Armin Buhrer;UBERABA;Unidade Regional Cajuru;;Mobile;
Solicitação;SECRETARIA MUNICIPAL DE TRÂNSITO;01/01/2025;Semáforo;Manutenção;Aberto;Avenida Paraná;BOA VISTA;Unidade Regional Boa Vista;;Mobile;
Solicitação;SECRETARIA MUNICIPAL DO MEIO AMBIENTE;01/01/2025;Praças;Implantação de equipamentos;Aberto;PRAÇA ANNA MAURER RUTZ;BOA VISTA;Unidade Regional Boa Vista;;Telefone;
Solicitação;SECRETARIA MUNICIPAL DA DEFESA SOCIAL E TRÂNSITO;01/01/2025;Segurança de edificações e imóveis;Estruturas;Aberto;RUA WENCESLAU TEIXEIRA ALVES;CAJURU;Unidade Regional Cajuru;;Telefone;
